title,url,ID,length,chapter,section,group,video,old video number,title,date,class period,gilbert,optional,video # in semester,video # within group,newvideos,secret,key
1_1_1_introduction,http://chempath.byu.edu/chem105/blackboardmp4videos/1_1_1bb.mp4,2146,109.413,1,1,1,1,1,introduction,9/3/2015,1,1.1-1.6,1,1,1,,9da01f2ecb7d72bba073fa3d5bc34b72,350
1_1_2_helium_balloon,http://chempath.byu.edu/chem105/blackboardmp4videos/1_1_2bb.mp4,2147,115.868,1,1,1,2,2,helium balloon,9/3/2015,1,1.1-1.6,1,2,2,,,
1_1_3_gas_comparison,http://chempath.byu.edu/chem105/blackboardmp4videos/1_1_3bb.mp4,2148,88.376,1,1,1,3,3,gas comparison,9/3/2015,1,1.1-1.6,1,3,3,1,,
1_1_4_physical_vs._chemical_changes,http://chempath.byu.edu/chem105/blackboardmp4videos/1_1_4bb.mp4,2149,158.732,1,1,1,4,4,physical vs. chemical changes,9/3/2015,1,1.1-1.6,1,4,4,,,
1_1_6_elements,http://chempath.byu.edu/chem105/blackboardmp4videos/1_1_6bb.mp4,2151,93.948,1,1,1,6,6,elements,9/3/2015,1,1.1-1.6,1,5,5,,,
1_1_7_elements_combined,http://chempath.byu.edu/chem105/blackboardmp4videos/1_1_7bb.mp4,2152,142.594,1,1,1,7,7,elements combined,9/3/2015,1,1.1-1.6,1,6,6,,,
1_1_8_mixtures_vs._pure_substances,http://chempath.byu.edu/chem105/blackboardmp4videos/1_1_8bb.mp4,2153,167.579,1,1,1,8,8,mixtures vs. pure substances,9/3/2015,1,1.1-1.6,1,7,7,,,
1_1_9_law_of_definite_proportions,http://chempath.byu.edu/chem105/blackboardmp4videos/1_1_9bb.mp4,2154,157.501,1,1,1,9,9,law of definite proportions,9/3/2015,1,1.1-1.6,0,8,8,,,
1_1_10_individual_particles,http://chempath.byu.edu/chem105/blackboardmp4videos/1_1_10bb.mp4,2155,77.88,1,1,1,10,10,individual particles,9/3/2015,1,1.1-1.6,0,9,9,,,
1_1_11_law_of_multiple_proportions,http://chempath.byu.edu/chem105/blackboardmp4videos/1_1_11bb.mp4,2156,199.344,1,1,1,11,11,law of multiple proportions,9/3/2015,1,1.1-1.6,0,10,10,,,
1_1_12_the_atom,http://chempath.byu.edu/chem105/blackboardmp4videos/1_1_12bb.mp4,2157,141.712,1,1,1,12,12,the atom,9/3/2015,1,1.1-1.6,0,11,11,,,
1_1_14_molecules_chemical_reactions,http://chempath.byu.edu/chem105/blackboardmp4videos/1_1_14bb.mp4,2159,101.379,1,1,1,14,14,molecules and chemical reactions,9/3/2015,1,1.1-1.6,0,12,12,,,
1_1_15_chemical_reactions,http://chempath.byu.edu/chem105/blackboardmp4videos/1_1_15bb.mp4,2160,290.227,1,1,1,15,15,chemical reactions,9/3/2015,1,1.1-1.6,0,13,13,,,
2_1_1_units_measurement,http://chempath.byu.edu/chem105/blackboardmp4videos/2_1_1bb.mp4,2170,258.16,2,1,3,1,25,units and measurement,9/5/2015,2,1.7-1.10,0,14,1,1,,
2_1_2_si_system_metric_units,http://chempath.byu.edu/chem105/blackboardmp4videos/2_1_2bb.mp4,2171,422.232,2,1,3,2,26,si system and metric units,9/5/2015,2,1.7-1.10,0,15,2,,,
2_1_3_significant_figures,http://chempath.byu.edu/chem105/blackboardmp4videos/2_1_3bb.mp4,2172,325.962,2,1,3,3,27,significant figures,9/5/2015,2,1.7-1.10,0,16,3,,,
2_1_4_calculations_with_significant_figures,http://chempath.byu.edu/chem105/blackboardmp4videos/2_1_4bb.mp4,2173,332.812,2,1,3,4,28,calculations with significant figures,9/5/2015,2,1.7-1.10,0,17,4,,,
2_1_5_scientific_notation,http://chempath.byu.edu/chem105/blackboardmp4videos/2_1_5bb.mp4,2174,361.303,2,1,3,5,29,scientific notation,9/5/2015,2,1.7-1.10,0,18,5,,,
2_1_6_expressing_measured_values_in_new_units,http://chempath.byu.edu/chem105/blackboardmp4videos/2_1_6bb.mp4,2175,343.865,2,1,3,6,30,expressing measured units in new units,9/5/2015,2,1.7-1.10,0,19,6,,,
2_1_7_expressing_measured_values_in_new_units_water,http://chempath.byu.edu/chem105/blackboardmp4videos/2_1_7bb.mp4,2176,467.441,2,1,3,7,31,expressing measured units in new units water,9/5/2015,2,1.7-1.10,0,20,7,,,
2_1_8_expressing_measured_values_in_new_units_metric_to_english,http://chempath.byu.edu/chem105/blackboardmp4videos/2_1_8bb.mp4,2177,214.949,2,1,3,8,32,expressing measured units in new units metric to english,9/5/2015,2,1.7-1.10,0,21,8,,,
6_1_3_kelvin,http://chempath.byu.edu/chem105/blackboardmp4videos/6_1_3bb.mp4,2282,103.594,6,1,18,3,140,kelvin,9/5/2015,2,1.7-1.10,0,22,9,,,
1_1_13_the_periodic_table,http://chempath.byu.edu/chem105/blackboardmp4videos/1_1_13bb.mp4,2158,87.191,1,1,1,13,13,the periodic table I,9/8/2015,3,2.1-2.3,0,23,1,,,
1_2_1_electrostatic_properties,http://chempath.byu.edu/chem105/blackboardmp4videos/1_2_1bb.mp4,2161,158.059,1,2,2,1,16,electrostatic properties,9/8/2015,3,2.1-2.3,0,24,2,,,
1_2_2_coulomb_s_law,http://chempath.byu.edu/chem105/blackboardmp4videos/1_2_2bb.mp4,2162,274.948,1,2,2,2,17,Coulomb's Law,9/8/2015,3,2.1-2.3,0,25,3,,,
1_2_3_thomson_s_cathode_rays,http://chempath.byu.edu/chem105/blackboardmp4videos/1_2_3bb.mp4,2163,107.393,1,2,2,3,18,thomson's cathode rays,9/8/2015,3,2.1-2.3,0,26,4,,,
1_2_4_the_proton,http://chempath.byu.edu/chem105/blackboardmp4videos/1_2_4bb.mp4,2164,140.83,1,2,2,4,19,the proton,9/8/2015,3,2.1-2.3,0,27,5,,,
1_2_5_subatomic_particles,http://chempath.byu.edu/chem105/blackboardmp4videos/1_2_5bb.mp4,2165,183.392,1,2,2,5,20,subatomic particles,9/8/2015,3,2.1-2.3,0,28,6,,,
1_2_6_elemental_notation_isotopes,http://chempath.byu.edu/chem105/blackboardmp4videos/1_2_6bb.mp4,2166,216.689,1,2,2,6,21,elemental notation isotopes,9/8/2015,3,2.1-2.3,0,29,7,,,
1_2_9_the_periodic_table,http://chempath.byu.edu/chem105/blackboardmp4videos/1_2_9bb.mp4,2169,354.128,1,2,2,9,24,the periodic table II,9/8/2015,3,2.1-2.3,0,30,8,,,
1_2_7_atomic_mass_values,http://chempath.byu.edu/chem105/blackboardmp4videos/1_2_7bb.mp4,2167,108.647,1,2,2,7,22,atomic mass values,9/10/2015,4,2.4-2.5,0,31,1,,,
1_2_8_average_atomic_mass,http://chempath.byu.edu/chem105/blackboardmp4videos/1_2_8bb.mp4,2168,134.607,1,2,2,8,23,average atomic mass,9/10/2015,4,2.4-2.5,0,32,2,,,
2_2_4_atomic_mass_moles,http://chempath.byu.edu/chem105/blackboardmp4videos/2_2_4bb.mp4,2181,260.343,2,2,4,4,36,atomic mass and moles,9/10/2015,4,2.4-2.5,0,33,3,,,
2_2_5_atoms_molecules_formula_units,http://chempath.byu.edu/chem105/blackboardmp4videos/2_2_5bb.mp4,2182,404.772,2,2,4,5,37,atoms molecules and formula units,9/10/2015,4,2.4-2.5,0,34,4,,,
3_1_1_the_model_of_the_atom,http://chempath.byu.edu/chem105/blackboardmp4videos/3_1_3bb.mp4,2192,90.18,3,1,6,1,48,nuclear model of the atom,9/12/2015,5,3.1-3.3,1,35,1,,,
3_1_2_electromagnetic_radiation,http://chempath.byu.edu/chem105/blackboardmp4videos/3_1_4bb.mp4,2193,61.65,3,1,6,2,49,electromagnetic radiation,9/12/2015,5,3.1-3.3,0,36,2,,,
3_1_3_wave_properties,http://chempath.byu.edu/chem105/blackboardmp4videos/3_1_5bb.mp4,2194,93.182,3,1,6,3,50,wave properties,9/12/2015,5,3.1-3.3,0,37,3,,,
3_1_4_units_of_wave_properties,http://chempath.byu.edu/chem105/blackboardmp4videos/3_1_6bb.mp4,2195,108.965,3,1,6,4,51,wave units,9/12/2015,5,3.1-3.3,0,38,4,,,
3_1_5_the_electromagnetic_spectrum,http://chempath.byu.edu/chem105/blackboardmp4videos/3_1_7bb.mp4,2196,89.445,3,1,6,5,52,the electromagnetic spectrum,9/12/2015,5,3.1-3.3,0,39,5,,,
3_1_6_blackbody_radiation,http://chempath.byu.edu/chem105/blackboardmp4videos/3_1_8bb.mp4,2197,79.835,3,1,6,6,53,blackbody radiation,9/12/2015,5,3.1-3.3,0,40,6,,,
3_1_7_theory_vs._experimentation,http://chempath.byu.edu/chem105/blackboardmp4videos/3_1_9bb.mp4,2198,141.932,3,1,6,7,54,theory vs. experimentation,9/12/2015,5,3.1-3.3,0,41,7,,,
3_1_8_planck_s_constant,http://chempath.byu.edu/chem105/blackboardmp4videos/3_1_10bb.mp4,2199,64.987,3,1,6,8,55,planck's constant,9/12/2015,5,3.1-3.3,0,42,8,,,
3_1_9_the_photoelectric_effect,http://chempath.byu.edu/chem105/blackboardmp4videos/3_1_11bb.mp4,2200,132.655,3,1,6,9,56,the photoelectric effect,9/12/2015,5,3.1-3.3,0,43,9,,,
3_1_10_photons,http://chempath.byu.edu/chem105/blackboardmp4videos/3_1_10bbnew.mp4,2402,116.116,3,1,6,10,57,photons,9/12/2015,5,3.1-3.3,0,44,10,,,
3_2_1_atomic_spectra,http://chempath.byu.edu/chem105/blackboardmp4videos/3_2_1bb.mp4,2201,114.77,3,2,7,1,58,atomic spectra,9/12/2015,5,3.1-3.3,0,45,11,,,
3_2_2_rydberg_s_equation,http://chempath.byu.edu/chem105/blackboardmp4videos/3_2_2bbnew.mp4,2403,56.7567,3,2,7,2,59,rydberg equation,9/12/2015,5,3.1-3.3,0,46,12,,,
3_3_1_wave_particle_duality_of_matter,http://chempath.byu.edu/chem105/blackboardmp4videos/3_3_1bb.mp4,2205,134.39,3,3,8,1,63,Wave-Particle Duality,9/12/2015,5,3.1-3.3,0,47,13,,,
3_2_3_the_bohr_model,http://chempath.byu.edu/chem105/blackboardmp4videos/3_2_2bb.mp4,2202,73.362,3,2,7,3,60,the bohr model,9/15/2015,6,"3.2,3.4",0,48,1,,,
3_2_4_bohr_s_model_for_hydrogen,http://chempath.byu.edu/chem105/blackboardmp4videos/3_2_3bb.mp4,2203,91.38,3,2,7,4,61,limitations of the bohr model,9/15/2015,6,"3.2,3.4",0,49,2,,,
3_2_5_total_electrons_in_each_energy_level,http://chempath.byu.edu/chem105/blackboardmp4videos/3_2_4bb.mp4,2204,85.242,3,2,7,5,62,Number of Electrons in Each n Level,9/15/2015,6,"3.2,3.4",0,50,3,,,
3_3_2_standing_waves,http://chempath.byu.edu/chem105/blackboardmp4videos/3_3_2bb.mp4,2206,131.354,3,3,8,2,64,standing waves,9/17/2015,7,3.5-3.7,0,51,1,,,
3_3_3_electrons_as_standing_waves,http://chempath.byu.edu/chem105/blackboardmp4videos/3_3_3bb.mp4,2207,128.217,3,3,8,3,65,electrons as standing waves,9/17/2015,7,3.5-3.7,0,52,2,,,
3_3_4_the_heisenberg_uncertainty_principle,http://chempath.byu.edu/chem105/blackboardmp4videos/3_3_4bb.mp4,2208,169.625,3,3,8,4,66,The Heisenberg Uncertainly Principle,9/17/2015,7,3.5-3.7,0,53,3,,,
3_3_5_quantum_numbers,http://chempath.byu.edu/chem105/blackboardmp4videos/3_3_5bb.mp4,2209,200.357,3,3,8,5,67,quantum numbers,9/17/2015,7,3.5-3.7,0,54,4,,,
3_3_6_s_orbitals,http://chempath.byu.edu/chem105/blackboardmp4videos/3_3_6bb.mp4,2210,58.314,3,3,8,6,68,s orbitals,9/17/2015,7,3.5-3.7,0,55,5,,,
3_3_7_p_orbitals,http://chempath.byu.edu/chem105/blackboardmp4videos/3_3_7bb.mp4,2211,77.3,3,3,8,7,69,p orbitals,9/17/2015,7,3.5-3.7,0,56,6,,,
3_3_8_d_orbitals,http://chempath.byu.edu/chem105/blackboardmp4videos/3_3_8bb.mp4,2212,69.159,3,3,8,8,70,d orbitals,9/17/2015,7,3.5-3.7,0,57,7,,,
3_3_9_f_orbitals,http://chempath.byu.edu/chem105/blackboardmp4videos/3_3_9bb.mp4,2213,50.274,3,3,8,9,71,f orbitals,9/17/2015,7,3.5-3.7,0,58,8,,,
3_3_10_review_of_orbitals,http://chempath.byu.edu/chem105/blackboardmp4videos/3_3_10bb.mp4,2214,159.049,3,3,8,10,72,Summary of Quantum Numbers and Orbitals,9/17/2015,7,3.5-3.7,0,59,9,,,
3_4_1_the_quantum_mechanical_model,http://chempath.byu.edu/chem105/blackboardmp4videos/3_4_1bb.mp4,2215,84.574,3,4,9,1,73,The Quantum Mechanical Model of the Atom,9/17/2015,7,3.5-3.7,0,60,10,,,
3_4_2_finding_electrons,http://chempath.byu.edu/chem105/blackboardmp4videos/3_4_2bb.mp4,2216,140.997,3,4,9,2,74,orbital electron density,9/17/2015,7,3.5-3.7,0,61,11,,,
3_4_3_electron_spin_the_pauli_exclusion_principle,http://chempath.byu.edu/chem105/blackboardmp4videos/3_4_3bb.mp4,2217,124.58,3,4,9,3,75,Electron Spin and the Pauli Exclusion Principle,9/19/2015,8,"3.5,3.8-3.9",0,62,1,,,
3_4_4_electron_apartments,http://chempath.byu.edu/chem105/blackboardmp4videos/3_4_4bb.mp4,2218,138.094,3,4,9,4,76,electron apartments,9/19/2015,8,"3.5,3.8-3.9",0,63,2,,,
3_4_5_hund_s_rule,http://chempath.byu.edu/chem105/blackboardmp4videos/3_4_5bb.mp4,2219,134.624,3,4,9,5,77,Hund's Rule,9/19/2015,8,"3.5,3.8-3.9",0,64,3,,,
3_4_6_filling_orbitals,http://chempath.byu.edu/chem105/blackboardmp4videos/3_4_6bb.mp4,2220,152.209,3,4,9,6,78,filling orbitals,9/19/2015,8,"3.5,3.8-3.9",0,65,4,,,
3_4_7_trendbreakers,http://chempath.byu.edu/chem105/blackboardmp4videos/3_4_7bb.mp4,2221,78.602,3,4,9,7,79,Trend Breakers,9/19/2015,8,"3.5,3.8-3.9",0,66,5,,,
3_4_8_electron_configuration,http://chempath.byu.edu/chem105/blackboardmp4videos/3_4_8bb.mp4,2222,223.512,3,4,9,8,80,electron configuration,9/19/2015,8,"3.5,3.8-3.9",0,67,6,,,
3_4_10_periodic_placement,http://chempath.byu.edu/chem105/blackboardmp4videos/3_4_10bb.mp4,2224,94.617,3,4,9,10,82,periodic placement I,9/19/2015,8,"3.5,3.8-3.9",0,68,7,,,
3_4_11_periodic_placement_ii,http://chempath.byu.edu/chem105/blackboardmp4videos/3_4_11bb.mp4,2225,114.804,3,4,9,11,83,periodic placement ii,9/19/2015,8,"3.5,3.8-3.9",0,69,8,,,
3_5_4_valence_electrons,http://chempath.byu.edu/chem105/blackboardmp4videos/3_5_4bb.mp4,2229,116.807,3,5,10,4,87,valence electrons,9/19/2015,8,"3.5,3.8-3.9",0,70,9,,,
3_5_5_effective_nuclear_charge,http://chempath.byu.edu/chem105/blackboardmp4videos/3_5_5bb.mp4,2230,152.475,3,5,10,5,88,Effective Nuclear charge or Zeff,9/19/2015,8,"3.5,3.8-3.9",0,71,10,,,
3_5_1_atomic_radii,http://chempath.byu.edu/chem105/blackboardmp4videos/3_5_1bb.mp4,2226,106.129,3,5,10,1,84,atomic radii,9/22/2015,9,3.8-3.12,0,72,1,,,
3_5_2_ionization_energy_cations,http://chempath.byu.edu/chem105/blackboardmp4videos/3_5_2bb.mp4,2227,190.514,3,5,10,2,85,ionization energy and cations,9/22/2015,9,3.8-3.12,0,73,2,,,
3_5_3_electron_affinity_anions,http://chempath.byu.edu/chem105/blackboardmp4videos/3_5_3bb.mp4,2228,141.13,3,5,10,3,86,electron affinity and anions,9/22/2015,9,3.8-3.12,0,74,3,,,
3_5_6_atomic_radii_in_light_of_zeff,http://chempath.byu.edu/chem105/blackboardmp4videos/3_5_6bb.mp4,2231,239.462,3,5,10,6,89,Atomic Radii and Zeff,9/22/2015,9,3.8-3.12,0,75,4,,,
4_1_1_chemical_bonds,http://chempath.byu.edu/chem105/blackboardmp4videos/4_1_1bb.mp4,2232,63.285,4,1,11,1,90,chemical bonds,9/26/2015,11,4.1-4.3,0,76,1,,,
4_1_6_lewis_structures,http://chempath.byu.edu/chem105/blackboardmp4videos/4_1_6bb.mp4,2237,100.824,4,1,11,6,95,lewis structures,9/26/2015,11,4.1-4.3,0,77,2,,,
4_1_7_the_lewis_structure_of_ch4,http://chempath.byu.edu/chem105/blackboardmp4videos/4_1_7bb.mp4,2238,76.565,4,1,11,7,96,Lewis Structure of Methane,9/26/2015,11,4.1-4.3,0,78,3,,,
4_5_4_naming_simple_covalent_compounds,http://chempath.byu.edu/chem105/blackboardmp4videos/4_5_4bb.mp4,2264,237.994,4,5,15,4,122,naming simple covalent compounds,9/26/2015,11,4.1-4.3,0,79,4,,,
4_5_5_naming_polyatomic_ions_i_oxyanions,http://chempath.byu.edu/chem105/blackboardmp4videos/4_5_5bb.mp4,2265,203.459,4,5,15,5,123,naming polyatomic ions i,9/26/2015,11,4.1-4.3,0,80,5,,,
4_5_6_naming_polyatomic_ions_ii,http://chempath.byu.edu/chem105/blackboardmp4videos/4_5_6bb.mp4,2266,123.547,4,5,15,6,124,naming polyatomic ions ii,9/26/2015,11,4.1-4.3,0,81,6,,,
5_1_3_ionic_bonding_in_nacl,http://chempath.byu.edu/chem105/blackboardmp4videos/5_1_3bb.mp4,2272,127.45,5,1,16,3,130,ionic bonding in nacl,9/26/2015,11,4.1-4.3,0,82,7,,,
5_1_4_ionic_bonds_as_extremely_polar_covalent_bonds,http://chempath.byu.edu/chem105/blackboardmp4videos/5_1_4bb.mp4,2273,109.365,5,1,16,4,131,ionic bonds as extremely polar covalent bonds,9/26/2015,11,4.1-4.3,0,83,8,,,
5_1_5_predicting_ionic_bond_character,http://chempath.byu.edu/chem105/blackboardmp4videos/5_1_5bb.mp4,2274,230.42,5,1,16,5,132,Predicting Ionic Character,9/26/2015,11,4.1-4.3,0,84,9,,,
5_2_1_predicting_the_formulas_of_main_group_ionic_compounds,http://chempath.byu.edu/chem105/blackboardmp4videos/5_2_1bb.mp4,2275,242.132,5,2,17,1,133,predicting the formulas of main group ionic compounds,9/26/2015,11,4.1-4.3,0,85,10,,,
5_2_2_predicting_the_formulas_of_main_group_ionic_compounds_ii,http://chempath.byu.edu/chem105/blackboardmp4videos/5_2_2bb.mp4,2276,135.325,5,2,17,2,134,predicting the formulas of main group ionic compounds ii,9/26/2015,11,4.1-4.3,0,86,11,,,
5_2_3_predicting_the_formulas_of_other_ionic_compounds,http://chempath.byu.edu/chem105/blackboardmp4videos/5_2_3bb.mp4,2277,150.24,5,2,17,3,135,predicting the formulas of other ionic compounds,9/26/2015,11,4.1-4.3,0,87,12,,,
5_2_4_predicting_ion_charges_in_ionic_compounds,http://chempath.byu.edu/chem105/blackboardmp4videos/5_2_4bb.mp4,2278,132.155,5,2,17,4,136,predicting ion charges in ionic compounds,9/26/2015,11,4.1-4.3,0,88,13,,,
5_2_5_naming_ionic_compounds,http://chempath.byu.edu/chem105/blackboardmp4videos/5_2_5bb.mp4,2279,168.625,5,2,17,5,137,naming ionic compounds,9/26/2015,11,4.1-4.3,0,89,14,,,
9_1_7_acid_nomenclature,http://chempath.byu.edu/chem105/blackboardmp4videos/9_1_7bb.mp4,2338,133.055,9,1,27,7,196,acid nomenclature,9/26/2015,11,4.1-4.3,0,90,15,,,
4_3_1_electronegativity,http://chempath.byu.edu/chem105/blackboardmp4videos/4_3_1bb.mp4,2248,172.695,4,3,13,1,106,electronegativity,9/29/2015,12,4.1-4.4,0,91,1,,,
4_4_1_formal_charge_i,http://chempath.byu.edu/chem105/blackboardmp4videos/4_4_1bb.mp4,2255,102.059,4,4,14,1,113,formal charge i,10/1/2015,13,4.6-4.9,0,92,1,,,
4_4_2_formal_charge_ii,http://chempath.byu.edu/chem105/blackboardmp4videos/4_4_2bb.mp4,2256,142.699,4,4,14,2,114,formal charge ii,10/1/2015,13,4.6-4.9,0,93,2,,,
4_4_3_the_lewis_structure_of_ozone,http://chempath.byu.edu/chem105/blackboardmp4videos/4_4_3bb.mp4,2257,161.217,4,4,14,3,115,Lewis Structure of Ozone,10/1/2015,13,4.6-4.9,0,94,3,,,
4_4_4_resonance,http://chempath.byu.edu/chem105/blackboardmp4videos/4_4_4bb.mp4,2258,136.259,4,4,14,4,116,resonance,10/1/2015,13,4.6-4.9,0,95,4,,,
4_4_5_bond_order,http://chempath.byu.edu/chem105/blackboardmp4videos/4_4_5bb.mp4,2259,55.579,4,4,14,5,117,bond order,10/1/2015,13,4.6-4.9,0,96,5,,,
4_1_9_shape_vsepr,http://chempath.byu.edu/chem105/blackboardmp4videos/4_1_9bb.mp4,2240,251.074,4,1,11,9,98,Shape and VSEPR,10/3/2015,14,5.1-5.3,0,97,1,,,
4_5_7_bond_polarity,http://chempath.byu.edu/chem105/blackboardmp4videos/4_5_7bb.mp4,2267,104.66,4,5,15,7,125,bond polarity,10/3/2015,14,5.1-5.3,0,98,2,,,
4_5_8_molecular_polarity,http://chempath.byu.edu/chem105/blackboardmp4videos/4_5_8bb.mp4,2268,149.105,4,5,15,8,126,molecular polarity,10/3/2015,14,5.1-5.3,0,99,3,,,
4_1_5_valence_bond_theory,http://chempath.byu.edu/chem105/blackboardmp4videos/4_1_5bb.mp4,2236,80.069,4,1,11,5,94,valence bond theory,10/6/2015,15,5.4-5.5,0,100,1,,,
4_1_8_orbital_hybridization,http://chempath.byu.edu/chem105/blackboardmp4videos/4_1_8bb.mp4,2239,214.404,4,1,11,8,97,orbital hybridization,10/6/2015,15,5.4-5.5,0,101,2,,,
4_2_1_predicting_bonding,http://chempath.byu.edu/chem105/blackboardmp4videos/4_2_1bb.mp4,2241,181.737,4,2,12,1,99,predicting bonding,10/6/2015,15,5.4-5.5,0,102,3,,,
4_2_2_molecular_shapes_i,http://chempath.byu.edu/chem105/blackboardmp4videos/4_2_2bb.mp4,2242,194.684,4,2,12,2,100,molecular shapes i,10/6/2015,15,5.4-5.5,0,103,4,,,
4_2_3_molecular_shapes_ii,http://chempath.byu.edu/chem105/blackboardmp4videos/4_2_3bb.mp4,2243,64.287,4,2,12,3,101,molecular shapes ii,10/6/2015,15,5.4-5.5,0,104,5,,,
4_2_4_diatomic_fluorine,http://chempath.byu.edu/chem105/blackboardmp4videos/4_2_4bb.mp4,2244,51.04,4,2,12,4,102,diatomic fluorine,10/6/2015,15,5.4-5.5,0,105,6,,,
4_2_5_diatomic_oxygen_the_covalent_double_bond,http://chempath.byu.edu/chem105/blackboardmp4videos/4_2_5bb.mp4,2245,219.209,4,2,12,5,103,diatomic oxygen and the covalent double bond,10/6/2015,15,5.4-5.5,0,106,7,,,
4_2_6_sigma_pi_bonds,http://chempath.byu.edu/chem105/blackboardmp4videos/4_2_6bb.mp4,2246,50.374,4,2,12,6,104,sigma and pi bonds,10/6/2015,15,5.4-5.5,0,107,8,,,
4_2_7_diatomic_nitrogen_the_covalent_triple_bond,http://chempath.byu.edu/chem105/blackboardmp4videos/4_2_7bb.mp4,2247,177.067,4,2,12,7,105,diatomic nitrogen and the covalent triple bond,10/6/2015,15,5.4-5.5,0,108,9,,,
4_3_2_lewis_structure_of_pcl5,http://chempath.byu.edu/chem105/blackboardmp4videos/4_3_2bb.mp4,2249,123.78,4,3,13,2,107,lewis structure of pcl5,10/6/2015,15,5.4-5.5,0,109,10,,,
4_3_3_pcl5_trigonal_bipyramidal_geometry,http://chempath.byu.edu/chem105/blackboardmp4videos/4_3_3bb.mp4,2250,138.929,4,3,13,3,108,pcl5 and trigonal bipyramidal geometry,10/6/2015,15,5.4-5.5,0,110,11,,,
4_3_4_sf4_seesaw_shape,http://chempath.byu.edu/chem105/blackboardmp4videos/4_3_4bb.mp4,2251,190.079,4,3,13,4,109,sf4 and seesaw shape,10/6/2015,15,5.4-5.5,0,111,12,,,
4_3_5_sf6_octahedral_geometry,http://chempath.byu.edu/chem105/blackboardmp4videos/4_3_5bb.mp4,2252,140.564,4,3,13,5,110,SF6 and Octahedral Shape,10/6/2015,15,5.4-5.5,0,112,13,,,
4_3_6_other_shapes,http://chempath.byu.edu/chem105/blackboardmp4videos/4_3_6bb.mp4,2253,66.622,4,3,13,6,111,Additional Shapes,10/6/2015,15,5.4-5.5,0,113,14,,,
4_3_7_predicting_molecular_orbitals_shapes,http://chempath.byu.edu/chem105/blackboardmp4videos/4_3_7bb.mp4,2254,82.139,4,3,13,7,112,Predicting Molecular Shapes,10/6/2015,15,5.4-5.5,0,114,15,,,
4_4_6_lewis_structure_strategies,http://chempath.byu.edu/chem105/blackboardmp4videos/4_4_6bb.mp4,2260,202.459,4,4,14,6,118,lewis structure strategies,10/6/2015,15,5.4-5.5,0,115,16,,,
4_5_1_the_lewis_structure_of_no3_,http://chempath.byu.edu/chem105/blackboardmp4videos/4_5_1bb.mp4,2261,213.235,4,5,15,1,119,Lewis Structure of NO3–,10/6/2015,15,5.4-5.5,0,116,17,,,
4_5_2_the_lewis_structure_of_so42_,http://chempath.byu.edu/chem105/blackboardmp4videos/4_5_2bb.mp4,2262,198.855,4,5,15,2,120,Lewis Structure of SO42–,10/6/2015,15,5.4-5.5,0,117,18,,,
4_5_3_the_lewis_structure_of_po33_,http://chempath.byu.edu/chem105/blackboardmp4videos/4_5_3bb.mp4,2263,182.539,4,5,15,3,121,Lewis Structure of PO43–,10/6/2015,15,5.4-5.5,0,118,19,,,
4_5_9_the_grand_overview_pocl3,http://chempath.byu.edu/chem105/blackboardmp4videos/4_5_9bb.mp4,2269,206.93,4,5,15,9,127,Lewis Structure of POCl3,10/6/2015,15,5.4-5.5,0,119,20,,,
3_4_9_paramagnetism,http://chempath.byu.edu/chem105/blackboardmp4videos/3_4_9bb.mp4,2223,126.315,3,4,9,9,81,paramagnetism,10/10/2015,17,"5.7,18.1-18.2",0,120,1,,,
4_1_2_bond_formation_in_h2,http://chempath.byu.edu/chem105/blackboardmp4videos/4_1_2bb.mp4,2233,143.465,4,1,11,2,91,bond formation in h2,10/10/2015,17,"5.7,18.1-18.2",0,121,2,,,
4_1_3_covalent_bonds,http://chempath.byu.edu/chem105/blackboardmp4videos/4_1_3bb.mp4,2234,99.522,4,1,11,3,92,covalent bonds,10/10/2015,17,"5.7,18.1-18.2",0,122,3,,,
4_1_4_molecular_orbitals_of_h2,http://chempath.byu.edu/chem105/blackboardmp4videos/4_1_4bb.mp4,2235,122.712,4,1,11,4,93,Molecular Orbital of H2,10/10/2015,17,"5.7,18.1-18.2",0,123,4,,,
7_1_1_introduction,http://chempath.byu.edu/chem105/blackboardmp4videos/7_1_1bb.mp4,2292,82.372,7,1,20,1,150,introduction,10/13/2015,18,6.1-6.2,1,124,1,,,
7_1_2_dipole_dipole_interactions,http://chempath.byu.edu/chem105/blackboardmp4videos/7_1_2bb.mp4,2293,122.179,7,1,20,2,151,dipole-dipole interactions,10/13/2015,18,6.1-6.2,0,125,2,,,
7_1_3_hydrogen_bonding,http://chempath.byu.edu/chem105/blackboardmp4videos/7_1_3bb.mp4,2294,98.187,7,1,20,3,152,hydrogen bonding,10/13/2015,18,6.1-6.2,0,126,3,,,
7_1_4_ion_dipole_interactions,http://chempath.byu.edu/chem105/blackboardmp4videos/7_1_4bb.mp4,2295,62.885,7,1,20,4,153,ion-dipole interactions,10/13/2015,18,6.1-6.2,0,127,4,,,
7_1_5_london_dispersion_forces,http://chempath.byu.edu/chem105/blackboardmp4videos/7_1_5bb.mp4,2296,113.035,7,1,20,5,154,london dispersion forces,10/13/2015,18,6.1-6.2,0,128,5,,,
7_1_6_strength_of_dispersion_forces,http://chempath.byu.edu/chem105/blackboardmp4videos/7_1_6bb.mp4,2297,148.972,7,1,20,6,155,strength of dispersion forces,10/13/2015,18,6.1-6.2,0,129,6,,,
7_1_7_reviewing_forces,http://chempath.byu.edu/chem105/blackboardmp4videos/7_1_7bb.mp4,2298,83.474,7,1,20,7,156,Overview of Liquids and Intermolecular Forces,10/13/2015,18,6.1-6.2,0,130,7,,,
7_2_1_overview_of_liquids,http://chempath.byu.edu/chem105/blackboardmp4videos/7_2_1bb.mp4,2299,78.802,7,2,21,1,157,Overview of Liquids and Intermolecular Forces,10/13/2015,18,6.1-6.2,0,131,8,,,
7_2_2_flow_and_viscosity,http://chempath.byu.edu/chem105/blackboardmp4videos/7_2_2bb.mp4,2300,81.939,7,2,21,2,158,flow and viscosity,10/13/2015,18,6.1-6.2,0,132,9,,,
7_2_3_cohesive_and_adhesive_forces,http://chempath.byu.edu/chem105/blackboardmp4videos/7_2_3bb.mp4,2301,91.414,7,2,21,3,159,cohesive and adhesive forces,10/15/2015,19,6.4-6.5,0,133,1,,,
7_2_4_surface_tension,http://chempath.byu.edu/chem105/blackboardmp4videos/7_2_4bb.mp4,2302,70.594,7,2,21,4,160,surface tension,10/15/2015,19,6.4-6.5,0,134,2,,,
7_2_5_meniscus_and_capillary_action,http://chempath.byu.edu/chem105/blackboardmp4videos/7_2_5bb.mp4,2303,72.295,7,2,21,5,161,meniscus and capillary action,10/15/2015,19,6.4-6.5,0,135,3,,,
7_3_1_phase_changes,http://chempath.byu.edu/chem105/blackboardmp4videos/7_3_1bb.mp4,2304,129.285,7,3,22,1,162,phase changes,10/15/2015,19,6.4-6.5,0,136,4,,,
7_3_4_phase_diagrams,http://chempath.byu.edu/chem105/blackboardmp4videos/7_3_4bb.mp4,2307,129.285,7,3,22,4,165,phase diagrams,10/15/2015,19,6.4-6.5,0,137,5,,,
7_3_5_two_examples_of_phase_diagrams,http://chempath.byu.edu/chem105/blackboardmp4videos/7_3_5bb.mp4,2308,101.457,7,3,22,5,166,two examples of phase diagrams,10/15/2015,19,6.4-6.5,0,138,6,,,
1_1_5_law_of_conservation_of_mass,http://chempath.byu.edu/chem105/blackboardmp4videos/1_1_5bb.mp4,2150,121.302,1,1,1,5,5,law of conservation of mass,10/20/2015,21,7.1-7.4,0,139,1,,,
2_2_1_balancing_chemical_equations,http://chempath.byu.edu/chem105/blackboardmp4videos/2_2_1bb.mp4,2178,322.41,2,2,4,1,33,balancing chemical equations,10/20/2015,21,7.1-7.4,0,140,2,,,
2_2_2_using_chemical_equations,http://chempath.byu.edu/chem105/blackboardmp4videos/2_2_2bb.mp4,2179,171.155,2,2,4,2,34,using chemical equations,10/20/2015,21,7.1-7.4,0,141,3,,,
2_2_3_stoichiometry_balanced_equations,http://chempath.byu.edu/chem105/blackboardmp4videos/2_2_3bb.mp4,2180,286.024,2,2,4,3,35,stoichiometry and chemical equations,10/20/2015,21,7.1-7.4,0,142,4,,,
2_2_6_understanding_balanced_chemical_equations,http://chempath.byu.edu/chem105/blackboardmp4videos/2_2_6bb.mp4,2183,181.093,2,2,4,6,38,understanding balanced chemical equations,10/20/2015,21,7.1-7.4,0,143,5,,,
2_2_7_balanced_equations_moles,http://chempath.byu.edu/chem105/blackboardmp4videos/2_2_7bb.mp4,2184,170.342,2,2,4,7,39,balanced equations and moles,10/20/2015,21,7.1-7.4,0,144,6,,,
2_2_8_stoichiometric_ratios,http://chempath.byu.edu/chem105/blackboardmp4videos/2_2_8bb.mp4,2185,252.332,2,2,4,8,40,stoichiometric ratios,10/20/2015,21,7.1-7.4,0,145,7,,,
2_2_9_calculations_using_moles,http://chempath.byu.edu/chem105/blackboardmp4videos/2_2_9bb.mp4,2186,171.55,2,2,4,9,41,calculations using moles,10/20/2015,21,7.1-7.4,0,146,8,,,
2_2_10_stoichiometric_ratios_nacl,http://chempath.byu.edu/chem105/blackboardmp4videos/2_2_10bb.mp4,2187,328.772,2,2,4,10,42,stoichiometric ratios I,10/20/2015,21,7.1-7.4,0,147,9,,,
2_2_11_stoichiometric_ratios_nacl_cont.,http://chempath.byu.edu/chem105/blackboardmp4videos/2_2_11bb.mp4,2188,238.353,2,2,4,11,43,stoichiometric ratios II,10/20/2015,21,7.1-7.4,0,148,10,,,
2_3_1_limiting_reactants,http://chempath.byu.edu/chem105/blackboardmp4videos/2_2_12bb.mp4,2189,412.851,2,3,5,1,44,limiting reactants,10/22/2015,22,7.8,0,149,1,,,
2_3_4_percent_yield,http://chempath.byu.edu/chem105/blackboardmp4videos/2_2_15bb.mp4,2191,114.916,2,3,5,4,47,percent yield,10/22/2015,22,7.8,0,150,2,,,
2_3_2_percent_composition,http://chempath.byu.edu/chem105/blackboardmp4videos/2_3_2bbnew.mp4,2401,245.4785,2,3,5,2,45,percent composition,10/24/2015,23,7.5-7.6,0,151,1,,,
2_3_3_empirical_formula,http://chempath.byu.edu/chem105/blackboardmp4videos/2_2_14bb.mp4,2190,348.857,2,3,5,3,46,empirical formula,10/24/2015,23,7.5-7.6,0,152,2,,,
8_2_5_standard_state,http://chempath.byu.edu/chem105/blackboardmp4videos/8_2_5bbnew.mp4,2467,132.8994,8,2,,,,standard state,10/29/2015,25,9.1-9.3,#N/A,,,1,,
8_3_1_enthalpy_in_reactions,http://chempath.byu.edu/chem105/blackboardmp4videos/8_3_1bbnew.mp4,2468,122.122,8,3,,,,enthalpy in reactions,10/29/2015,25,9.1-9.3,0,,,1,,
8_1_1_introduction_to_energy_changes,http://chempath.byu.edu/chem105/blackboardmp4videos/8_1_4bb.mp4,2312,125.282,8,1,23,1,170,introduction to energy changes,10/29/2015,25,9.1-9.3,0,153,1,,,
8_1_2_energy_in_equations,http://chempath.byu.edu/chem105/blackboardmp4videos/8_1_5bb.mp4,2313,88.377,8,1,23,2,171,energy in equations,10/29/2015,25,9.1-9.3,0,154,2,,,
7_3_2_energy_of_phase_changes,http://chempath.byu.edu/chem105/blackboardmp4videos/7_3_2bb.mp4,2305,177.034,7,3,22,2,163,energy of phase changes,10/31/2015,26,9.4-9.5,0,155,1,,,
7_3_3_heating_curves,http://chempath.byu.edu/chem105/blackboardmp4videos/7_3_3bb.mp4,2306,142.099,7,3,22,3,164,heating curves,10/31/2015,26,9.4-9.5,0,156,2,,,
7_3_6_evaporation_condensation,http://chempath.byu.edu/chem105/blackboardmp4videos/7_3_6bb.mp4,2309,109.399,7,3,22,6,167,evaporation and condensation,10/31/2015,26,9.4-9.5,0,157,3,,,
8_4_1_hess's_law,http://chempath.byu.edu/chem105/blackboardmp4videos/8_4_1bbnew.mp4,2469,342.4087,8,4,,,,Hess's Law,11/3/2015,27,9.6-9.7,0,,,1,,
8_4_2_formation_reactions,http://chempath.byu.edu/chem105/blackboardmp4videos/8_4_2bbnew.mp4,2470,91.8584,8,4,,,,formation reactions I,11/3/2015,27,9.6-9.7,0,,,1,,
8_4_3_standard_state,http://chempath.byu.edu/chem105/blackboardmp4videos/8_4_3bbnew.mp4,2471,153.887,8,4,,,,standard state II,11/3/2015,27,9.6-9.7,0,,,1,,
8_4_4_calculating_enthalpy,http://chempath.byu.edu/chem105/blackboardmp4videos/8_4_4bbnew.mp4,2472,190.4235,8,4,,,,calculating enthalpy,11/3/2015,27,9.6-9.7,#N/A,,,1,,
8_4_5_bond_enthalpies,http://chempath.byu.edu/chem105/blackboardmp4videos/8_4_5bbnew.mp4,2473,219.3191,8,4,,,,bond enthalpies,11/3/2015,27,9.6-9.7,#N/A,,,1,,
8_5_1_introduction,http://chempath.byu.edu/chem105/blackboardmp4videos/8_5_1bbnew.mp4,2474,170.9708,8,5,,,,Introduction to Entropy,11/7/2015,29,"12.1-12.2,12.4-12.5",0,,,1,,
8_5_2_a_closer_look_at_a_hot_drink_cooling,http://chempath.byu.edu/chem105/blackboardmp4videos/8_5_2bbnew.mp4,2475,228.3948,8,5,,,,Hot Drink Cooling - A Spontaneous Process,11/7/2015,29,"12.1-12.2,12.4-12.5",0,,,1,,
8_5_3_mathematical_representation_of_entropy_changes,http://chempath.byu.edu/chem105/blackboardmp4videos/8_5_3bbnew.mp4,2476,196.2961,8,5,,,,Entropy Changes (DS),11/7/2015,29,"12.1-12.2,12.4-12.5",0,,,1,,
8_5_4_the_second_law_of_thermodynamics,http://chempath.byu.edu/chem105/blackboardmp4videos/8_5_4bbnew.mp4,2477,262.0618,8,5,,,,the second law of thermodynamics,11/7/2015,29,"12.1-12.2,12.4-12.5",0,,,1,,
8_5_5_predicting_a_change_in_deltaS_system,http://chempath.byu.edu/chem105/blackboardmp4videos/8_5_5bbnew.mp4,2478,120.3869,8,5,,,,Predicting DSsystem ,11/7/2015,29,"12.1-12.2,12.4-12.5",0,,,1,,
8_5_6_deltaS_surroundings_enthalpy_&_the_second_law,http://chempath.byu.edu/chem105/blackboardmp4videos/8_5_6bbnew.mp4,2479,146.9134,8,5,,,,DSsurroundings,11/7/2015,29,"12.1-12.2,12.4-12.5",0,,,1,,
8_5_7_gibbs_free_energy_&_the_second_law,http://chempath.byu.edu/chem105/blackboardmp4videos/8_5_7bbnew.mp4,2480,195.6955,8,5,,,,Free Energy (G),11/10/2015,30,12.6-12.7,0,,,1,,
8_6_1_entropy_&_solvation,http://chempath.byu.edu/chem105/blackboardmp4videos/8_6_1bbnew.mp4,2481,325.1581,8,6,,,,entropy & solvation,11/10/2015,30,12.6-12.7,#N/A,,,1,,
8_6_2_deltaG_&_spontaneity,http://chempath.byu.edu/chem105/blackboardmp4videos/8_6_2bbnew.mp4,2482,220.954,8,6,,,,DG and Spontaneity I,11/10/2015,30,12.6-12.7,0,,,1,,
8_6_3_applying_the_second_law_of_thermodynamics_to_chemical_changes,http://chempath.byu.edu/chem105/blackboardmp4videos/8_6_3bbnew.mp4,2483,205.3051,8,6,,,,applying the second law of thermodynamics to chemical changes,11/10/2015,30,12.6-12.7,#N/A,,,1,,
8_6_4_standard_state_conditions_&_deltaG,http://chempath.byu.edu/chem105/blackboardmp4videos/8_6_4bbnew.mp4,2484,216.2493,8,6,,,,standard state conditions & deltaG,11/10/2015,30,12.6-12.7,#N/A,,,1,,
8_6_5_standard_molar_entropy_deltaS_&_the_third_law_of_thermodynamics,http://chempath.byu.edu/chem105/blackboardmp4videos/8_6_5bbnew.mp4,2485,126.5597,8,6,,,,standard molar entropy deltaS & the third law of thermodynamics,11/10/2015,30,12.6-12.7,#N/A,,,1,,
6_1_1_introduction,http://chempath.byu.edu/chem105/blackboardmp4videos/6_1_1bbnew.mp4,2460,82.5157,6,1,,,,introduction to gases,11/14/2015,32,"10.1-10.2,10.11",0,,,1,,
6_1_2_kinetic_molecular_theory_of_gasses,http://chempath.byu.edu/chem105/blackboardmp4videos/6_1_2bbnew.mp4,2461,68.1681,6,1,,,,kinetic molecular theory of gasses,11/14/2015,32,"10.1-10.2,10.11",0,,,1,,
6_1_3_velocity_distribution,http://chempath.byu.edu/chem105/blackboardmp4videos/6_1_3bbnew.mp4,2462,98.6986,6,1,,,,velocity distribution,11/14/2015,32,"10.1-10.2,10.11",0,,,1,,
6_1_4_molecular_speed_and_mass,http://chempath.byu.edu/chem105/blackboardmp4videos/6_1_4bbnew.mp4,2463,57.7243,6,1,,,,molecular speed and mass,11/14/2015,32,"10.1-10.2,10.11",0,,,1,,
6_1_5_temperature_and_energy,http://chempath.byu.edu/chem105/blackboardmp4videos/6_1_5bbnew.mp4,2464,114.2808,6,1,,,,temperature and energy,11/14/2015,32,"10.1-10.2,10.11",0,,,1,,
6_1_6_kelvin,http://chempath.byu.edu/chem105/blackboardmp4videos/6_1_6bbnew.mp4,2465,103.5367,6,1,,,,kelvin and gases,11/14/2015,32,"10.1-10.2,10.11",0,,,1,,
6_1_8_diffusion_and_effusion,http://chempath.byu.edu/chem105/blackboardmp4videos/6_1_8bbnew.mp4,2466,86.2528,6,1,,,,effusion and diffusion i,11/14/2015,32,"10.1-10.2,10.11",0,,,1,,
6_1_1_introduction,http://chempath.byu.edu/chem105/blackboardmp4videos/6_1_1bb.mp4,2280,82.539,6,1,18,1,138,introduction,11/14/2015,32,"10.1-10.2,10.11",1,158,1,1,,
6_1_2_temperature_and_energy,http://chempath.byu.edu/chem105/blackboardmp4videos/6_1_2bb.mp4,2281,114.304,6,1,18,2,139,temperature and energy,11/14/2015,32,"10.1-10.2,10.11",0,159,2,,,
6_1_5_diffusion_and_effusion,http://chempath.byu.edu/chem105/blackboardmp4videos/6_1_5bb.mp4,2284,86.275,6,1,18,5,142,Effusion and diffusion,11/14/2015,32,"10.1-10.2,10.11",0,160,3,,,
6_1_4_pressure_of_gases,http://chempath.byu.edu/chem105/blackboardmp4videos/6_1_4bb.mp4,2283,117.94,6,1,18,4,141,Pressure of Gasses,11/17/2015,33,10.3-10.5,0,161,1,1,,
6_2_1_measuring_pressure,http://chempath.byu.edu/chem105/blackboardmp4videos/6_2_1bb.mp4,2285,110.967,6,2,19,1,143,measuring pressure,11/17/2015,33,10.3-10.5,0,162,2,1,,
6_2_3_simple_gas_laws,http://chempath.byu.edu/chem105/blackboardmp4videos/6_2_3bb.mp4,2287,127.117,6,2,19,3,145,simple gas laws,11/17/2015,33,10.3-10.5,0,163,3,1,,
6_2_2_atomic_weight_and_gas_density,http://chempath.byu.edu/chem105/blackboardmp4videos/6_2_2bb.mp4,2286,73.697,6,2,19,2,144,atomic weight and gas density,11/19/2015,34,10.6-10.8,0,164,1,1,,
6_2_4_the_ideal_gas_law,http://chempath.byu.edu/chem105/blackboardmp4videos/6_2_4bb.mp4,2288,67.724,6,2,19,4,146,ideal gas law,11/19/2015,34,10.6-10.8,0,165,2,1,,
6_2_5_ideal_gas_law_calculations_i,http://chempath.byu.edu/chem105/blackboardmp4videos/6_2_5bb.mp4,2289,118.509,6,2,19,5,147,ideal gas law calculations i,11/19/2015,34,10.6-10.8,0,166,3,1,,
6_2_6_ideal_gas_law_calculations_ii,http://chempath.byu.edu/chem105/blackboardmp4videos/6_2_6bb.mp4,2290,149.039,6,2,19,6,148,ideal gas law calculations ii,11/19/2015,34,10.6-10.8,0,167,4,1,,
6_2_7_partial_pressure,http://chempath.byu.edu/chem105/blackboardmp4videos/6_2_7bb.mp4,2291,124.98,6,2,19,7,149,partial pressure,11/21/2015,35,"10.9-10.10,10.12",0,168,1,1,,
10_2_3_solutions_of_gases_in_liquids,http://chempath.byu.edu/chem105/blackboardmp4videos/10_2_3bb.mp4,2352,142.932,10,2,30,3,220,Solutions of Gasses in Liquids and Henry’s Law,11/21/2015,35,"10.9-10.10,10.12",0,169,2,1,,
10_3_1_introduction,http://chempath.byu.edu/chem105/blackboardmp4videos/10_3_1bb.mp4,2353,213.904,10,3,31,1,221,introduction to solutions,11/24/2015,36,"8.1,8.3",0,170,1,1,,
10_3_2_moles_of_solute_per_liter_of_solution_or_molarity,http://chempath.byu.edu/chem105/blackboardmp4videos/10_3_2bb.mp4,2354,161.05,10,3,31,2,222,Moles/Liter or Molarity,11/24/2015,36,"8.1,8.3",0,171,2,,,
10_1_1_the_solution_process,http://chempath.byu.edu/chem105/blackboardmp4videos/10_1_1bb.mp4,2346,253.542,10,1,29,1,214,the solution process,11/25/2015,37,"8.2,8.5",0,172,1,,,
10_1_2_general_solubility_rules,http://chempath.byu.edu/chem105/blackboardmp4videos/10_1_2bb.mp4,2347,217.24,10,1,29,2,215,general solubility rules,11/25/2015,37,"8.2,8.5",0,173,2,,,
10_1_3_applying_the_solubility_rules_net_ionic_equations,http://chempath.byu.edu/chem105/blackboardmp4videos/10_1_3bb.mp4,2348,320.71,10,1,29,3,216,Applying the Solubility Rules,11/25/2015,37,"8.2,8.5",0,174,3,,,
10_3_6_dilutions,http://chempath.byu.edu/chem105/blackboardmp4videos/10_3_6bb.mp4,2358,345.769,10,3,31,6,226,dilutions,11/25/2015,37,"8.2,8.5",0,175,4,,,
9_1_1_introduction,http://chempath.byu.edu/chem105/blackboardmp4videos/9_1_1bb.mp4,2332,119.675,9,1,27,1,190,introduction to acids,12/1/2015,38,"8.4,15.1",0,176,1,,,
9_1_2_arrhenius_acids,http://chempath.byu.edu/chem105/blackboardmp4videos/9_1_2bb.mp4,2333,142.665,9,1,27,2,191,arrhenius acids,12/1/2015,38,"8.4,15.1",0,177,2,,,
9_1_3_bronsted_lowry_acids,http://chempath.byu.edu/chem105/blackboardmp4videos/9_1_3bb.mp4,2334,115.172,9,1,27,3,192,Bronstead-Lowery Acids,12/1/2015,38,"8.4,15.1",0,178,3,,,
9_1_4_acid_equilibria,http://chempath.byu.edu/chem105/blackboardmp4videos/9_1_4bb.mp4,2335,102.759,9,1,27,4,193,acid equilibria,12/1/2015,38,"8.4,15.1",0,179,4,,,
9_1_5_conjugate_acid_base_pairs,http://chempath.byu.edu/chem105/blackboardmp4videos/9_1_5bb.mp4,2336,67.99,9,1,27,5,194,conjugate acid/base pairs,12/1/2015,38,"8.4,15.1",0,180,5,,,
9_1_6_generalized_equation,http://chempath.byu.edu/chem105/blackboardmp4videos/9_1_6bb.mp4,2337,72.929,9,1,27,6,195,Generalized Acid Equation,12/1/2015,38,"8.4,15.1",0,181,6,,,
9_1_8_strong_vs._weak,http://chempath.byu.edu/chem105/blackboardmp4videos/9_1_8bb.mp4,2339,98.689,9,1,27,8,197,Strong vs. Weak Acids,12/1/2015,38,"8.4,15.1",0,182,7,,,
9_1_9_determining_acid_strength,http://chempath.byu.edu/chem105/blackboardmp4videos/9_1_9bb.mp4,2340,60.35,9,1,27,9,198,determining acid strength,12/3/2015,39,"15.2,15.3",0,183,1,,,
9_1_10_comparing_acids_i,http://chempath.byu.edu/chem105/blackboardmp4videos/9_1_10bb.mp4,2341,111.067,9,1,27,10,199,comparing acids i,12/3/2015,39,"15.2,15.3",0,184,2,,,
9_1_11_comparing_acids_ii,http://chempath.byu.edu/chem105/blackboardmp4videos/9_1_11bb.mp4,2342,131.054,9,1,27,11,200,comparing acids ii,12/3/2015,39,"15.2,15.3",0,185,3,,,
9_2_3_self_ionization_of_water,http://chempath.byu.edu/chem105/blackboardmp4videos/9_2_3bb.mp4,2345,129.652,9,2,28,3,203,Autoionization of Water,12/3/2015,39,"15.2,15.3",0,186,4,,,
9_2_4_acidic_and_basic_solutions,http://chempath.byu.edu/chem105/blackboardmp4videos/9_2_4bbnew.mp4,2404,151.2844,9,2,28,4,204,acidic and basic solutions,12/3/2015,39,"15.2,15.3",0,187,5,,,
9_2_5_ph,http://chempath.byu.edu/chem105/blackboardmp4videos/9_2_5bbnew.mp4,2405,207.7742,9,2,28,5,205,ph,12/3/2015,39,"15.2,15.3",0,188,6,,,
11_1_1_electron_transfer_reactions,http://chempath.byu.edu/chem105/blackboardmp4videos/11_1_1bb.mp4,2364,352.442,11,1,33,1,232,electron transfer reactions,12/8/2015,41,8.6,0,189,1,,,
11_1_2_oxidation_numbers,http://chempath.byu.edu/chem105/blackboardmp4videos/11_1_2bb.mp4,2365,473.162,11,1,33,2,233,oxidation numbers,12/8/2015,41,8.6,0,190,2,,,
11_1_3_using_oxidation_numbers,http://chempath.byu.edu/chem105/blackboardmp4videos/11_1_3bb.mp4,2366,454.11,11,1,33,3,234,using oxidation numbers,12/8/2015,41,8.6,0,191,3,,,
11_1_4_the_reduction_of_silver_i_by_copper_metal,http://chempath.byu.edu/chem105/blackboardmp4videos/11_1_4bb.mp4,2367,235.459,11,1,33,4,235,the reduction of silver i by copper metal,12/8/2015,41,8.6,0,192,4,,,
11_1_5_additional_examples_of_redox_reactions,http://chempath.byu.edu/chem105/blackboardmp4videos/11_1_5bb.mp4,2368,373.495,11,1,33,5,236,additional examples of redox reactions,12/8/2015,41,8.6,0,193,5,,,
5_1_1_introduction,http://chempath.byu.edu/chem105/blackboardmp4videos/5_1_1bb.mp4,2270,153.475,5,1,16,1,128,introduction,1/0/1900,0,0,1,0,0,,,
5_1_2_diffraction_patterns_structures,http://chempath.byu.edu/chem105/blackboardmp4videos/5_1_2bb.mp4,2271,180.37,5,1,16,2,129,Diffraction Patterns and Structures,1/0/1900,0,0,1,0,0,,,
7_3_7_vapor_pressure_volatility,http://chempath.byu.edu/chem105/blackboardmp4videos/7_3_7bb.mp4,2310,130.42,7,3,22,7,168,vapor pressure and volatility,1/0/1900,0,0,1,0,0,,,
7_3_8_vapor_pressure_boiling_point,http://chempath.byu.edu/chem105/blackboardmp4videos/7_3_8bb.mp4,2311,59.982,7,3,22,8,169,vapor pressure and boiling point,1/0/1900,0,0,1,0,0,,,
8_1_3_reactions_at_the_molecular_level,http://chempath.byu.edu/chem105/blackboardmp4videos/8_4_1bb.mp4,2314,103.694,8,1,23,3,172,reactions at the molecular level,1/0/1900,0,0,1,0,0,,,
8_1_4_collision_orientation,http://chempath.byu.edu/chem105/blackboardmp4videos/8_4_2bb.mp4,2315,67.29,8,1,23,4,173,Collisions Orientations,1/0/1900,0,0,1,0,0,,,
8_1_5_collision_energy,http://chempath.byu.edu/chem105/blackboardmp4videos/8_4_3bb.mp4,2316,133.99,8,1,23,5,174,collision energy,1/0/1900,0,0,1,0,0,,,
8_1_6_activation_energy_and_energy_diagrams,http://chempath.byu.edu/chem105/blackboardmp4videos/8_4_4bb.mp4,2317,171.36,8,1,23,6,175,activation energy and energy diagrams,1/0/1900,0,0,1,0,0,,,
8_1_7_catalysts,http://chempath.byu.edu/chem105/blackboardmp4videos/8_4_5bb.mp4,2318,92.215,8,1,23,7,176,catalysts,1/0/1900,0,0,1,0,0,,,
8_2_1_introduction_to_equilibrium,http://chempath.byu.edu/chem105/blackboardmp4videos/8_1_1bb.mp4,2319,211.334,8,2,24,1,177,introduction to equilibrium,1/0/1900,0,0,1,0,0,,,
8_2_2_what_is_equilibrium_,http://chempath.byu.edu/chem105/blackboardmp4videos/8_1_2bb.mp4,2320,137.527,8,2,24,2,178,what is equilibrium ,1/0/1900,0,0,1,0,0,,,
8_2_3_gaseous_equilibrium,http://chempath.byu.edu/chem105/blackboardmp4videos/8_1_3bb.mp4,2321,206.595,8,2,24,3,179,gaseous equilibrium,1/0/1900,0,0,1,0,0,,,
8_3_1_kp_of_nh3,http://chempath.byu.edu/chem105/blackboardmp4videos/8_2_1bb.mp4,2322,191.814,8,3,25,1,180,kp of nh3,1/0/1900,0,0,1,0,0,,,
8_3_2_general_forms_of_the_equilibrium_constant_kp,http://chempath.byu.edu/chem105/blackboardmp4videos/8_2_2bb.mp4,2323,83.039,8,3,25,2,181,general forms of the equilibrium constant kp,1/0/1900,0,0,1,0,0,,,
8_3_3_general_forms_of_the_equilibrium_constant_kc,http://chempath.byu.edu/chem105/blackboardmp4videos/8_2_3bb.mp4,2324,164.62,8,3,25,3,182,general forms of the equilibrium constant kc,1/0/1900,0,0,1,0,0,,,
8_3_4_solids_and_liquids_in_the_k_expression,http://chempath.byu.edu/chem105/blackboardmp4videos/8_2_4bb.mp4,2325,83.139,8,3,25,4,183,solids and liquids in the k expression,1/0/1900,0,0,1,0,0,,,
8_3_5_using_k_values_to_determine_the_extent_of_a_reaction,http://chempath.byu.edu/chem105/blackboardmp4videos/8_2_5bb.mp4,2326,166.355,8,3,25,5,184,using k values to determine the extent of a reaction,1/0/1900,0,0,1,0,0,,,
8_4_1_response_to_change_at_equilibrium,http://chempath.byu.edu/chem105/blackboardmp4videos/8_3_1bb.mp4,2327,110.4,8,4,26,1,185,response to change at equilibrium,1/0/1900,0,0,1,0,0,,,
8_4_2_le_chatelier_s_principle,http://chempath.byu.edu/chem105/blackboardmp4videos/8_3_2bb.mp4,2328,227.617,8,4,26,2,186,le chatelier s principle,1/0/1900,0,0,1,0,0,,,
8_4_3_reaction_consituents_in_a_system_at_equilibrium,http://chempath.byu.edu/chem105/blackboardmp4videos/8_3_3bb.mp4,2329,186.877,8,4,26,3,187,Reaction Constituents in a System at Equilibrium – length 3:08,1/0/1900,0,0,1,0,0,,,
8_4_4_pressure_changes_in_a_system_at_equilibrium,http://chempath.byu.edu/chem105/blackboardmp4videos/8_3_4bb.mp4,2330,202.425,8,4,26,4,188,pressure changes in a system at equilibrium,1/0/1900,0,0,1,0,0,,,
8_4_5_temperature_changes_in_a_system_at_equilibrium,http://chempath.byu.edu/chem105/blackboardmp4videos/8_3_5bb.mp4,2331,282.305,8,4,26,5,189,temperature changes in a system at equilibrium,1/0/1900,0,0,1,0,0,,,
9_2_1_polyprotic_acids,http://chempath.byu.edu/chem105/blackboardmp4videos/9_2_1bb.mp4,2343,103.059,9,2,28,1,201,polyprotic acids,1/0/1900,0,0,1,0,0,,,
9_2_2_amphoteric_compounds,http://chempath.byu.edu/chem105/blackboardmp4videos/9_2_2bb.mp4,2344,44.1,9,2,28,2,202,Aphiprotic  Compounds,1/0/1900,0,0,1,0,0,,,
9_2_6_using_ph,http://chempath.byu.edu/chem105/blackboardmp4videos/9_2_6bbnew.mp4,2406,71.3379,9,2,28,6,206,using ph,1/0/1900,0,0,1,0,0,,,
9_2_7_poh,http://chempath.byu.edu/chem105/blackboardmp4videos/9_2_7bbnew.mp4,2407,80.9475,9,2,28,7,207,poh,1/0/1900,0,0,1,0,0,,,
9_2_8_strong_acids_and_bases,http://chempath.byu.edu/chem105/blackboardmp4videos/9_2_8bbnew.mp4,2408,108.9421,9,2,28,8,208,Reactions of Strong acids and Strong Bases,1/0/1900,0,0,1,0,0,,,
9_2_9_strong_and_weak,http://chempath.byu.edu/chem105/blackboardmp4videos/9_2_9bbnew.mp4,2409,113.2464,9,2,28,9,209,Reactions of a Strong Acid or Base with a Weak Base or Acid,1/0/1900,0,0,1,0,0,,,
9_2_10_weak_acid_and_weak_base_reactions,http://chempath.byu.edu/chem105/blackboardmp4videos/9_2_10bbnew.mp4,2410,151.1843,9,2,28,10,210,Reactions of a Weak Acid or Base with a Weak Base or Acid,1/0/1900,0,0,1,0,0,,,
9_2_11_lewis_acids_and_bases,http://chempath.byu.edu/chem105/blackboardmp4videos/9_2_11bbnew.mp4,2411,106.5064,9,2,28,11,211,Lewis Acids and Bases I ,1/0/1900,0,0,1,0,0,,,
9_2_12_lewis_acids_and_bases_ii,http://chempath.byu.edu/chem105/blackboardmp4videos/9_2_12bbnew.mp4,2412,106.3062,9,2,28,12,212,lewis acids and bases ii,1/0/1900,0,0,1,0,0,,,
9_2_13_in_summary,http://chempath.byu.edu/chem105/blackboardmp4videos/9_2_13bbnew.mp4,2413,70.437,9,2,28,13,213,in summary,1/0/1900,0,0,1,0,0,,,
10_1_4_saturated_solution_ksp,http://chempath.byu.edu/chem105/blackboardmp4videos/10_1_4bb.mp4,2349,197.02,10,1,29,4,217,Saturated Solution and Ksp,1/0/1900,0,0,1,0,0,,,
10_2_1_solutions_of_organic_compounds,http://chempath.byu.edu/chem105/blackboardmp4videos/10_2_1bb.mp4,2350,192.749,10,2,30,1,218,solutions of organic compounds,1/0/1900,0,0,1,0,0,,,
10_2_2_solutions_of_liquid_organic_compounds,http://chempath.byu.edu/chem105/blackboardmp4videos/10_2_2bb.mp4,2351,116.172,10,2,30,2,219,solutions of liquid organic compounds,1/0/1900,0,0,1,0,0,,,
10_3_3_moles_of_solute_per_kg_of_solution_or_molality,http://chempath.byu.edu/chem105/blackboardmp4videos/10_3_3bb.mp4,2355,60.55,10,3,31,3,223,Molality,1/0/1900,0,0,1,0,0,,,
10_3_4_mole_fraction,http://chempath.byu.edu/chem105/blackboardmp4videos/10_3_4bb.mp4,2356,63.085,10,3,31,4,224,mole fraction,1/0/1900,0,0,1,0,0,,,
10_3_5_percent_volume_percent_weight,http://chempath.byu.edu/chem105/blackboardmp4videos/10_3_5bb.mp4,2357,92.615,10,3,31,5,225,Percent Volume and Percent Mass,1/0/1900,0,0,1,0,0,,,
10_4_1_vapor_pressure_of_a_solution_with_a_non_volatile_solute_boiling_point_elevation,http://chempath.byu.edu/chem105/blackboardmp4videos/10_4_1bb.mp4,2359,268.024,10,4,32,1,227,Vapor Pressure of a Solution with a Non-Volatile Solute and Boiling Point Elevation,1/0/1900,0,0,1,0,0,,,
10_4_2_solutions_with_a_non_volatile_solute_freezing_point_depression,http://chempath.byu.edu/chem105/blackboardmp4videos/10_4_2bb.mp4,2360,112.902,10,4,32,2,228,Solutions with a Non-Volatile Solute and Freezing Point Depression,1/0/1900,0,0,1,0,0,,,
10_4_3_osmosis_osmotic_pressure,http://chempath.byu.edu/chem105/blackboardmp4videos/10_4_3bb.mp4,2361,220.277,10,4,32,3,229,osmosis and osmotic pressure,1/0/1900,0,0,1,0,0,,,
10_4_4_quantifying_osmotic_pressure,http://chempath.byu.edu/chem105/blackboardmp4videos/10_4_4bb.mp4,2362,90.147,10,4,32,4,230,quantifying osmotic pressure,1/0/1900,0,0,1,0,0,,,
10_4_5_osmosis_osmotic_pressure_in_biology,http://chempath.byu.edu/chem105/blackboardmp4videos/10_4_5bb.mp4,2363,256.612,10,4,32,5,231,osmosis and osmotic pressure in biology,1/0/1900,0,0,1,0,0,,,
