Learning Suite Quiz Number,Quiz #,Open Assessments ID,Title,Quiz URL,title,AyamelURL,url,ID,length,chapter,section,group,video,old video number,title,date,1,,class period,gilbert,optional,video # in semester,video # within group,newvideos,Section Number,Section Title,Chapter Number,Chapter Title Long,Chapter Title Short,Topic Course Schedule
1,1,78,Quiz 1,http://openanalytics-assessments.com/assessments/lti?custom_assessment_id=78,1_1_9_law_of_definite_proportions,https://ayamel.byu.edu/course/350/content/2154/lti,http://chempath.byu.edu/chem105/blackboardmp4videos/1_1_9bb.mp4,2154,157.501,1,1,1,9,9,law of definite proportions,9/3/15,1,,1,1.1-1.6,0,8,8,,Sections 1.5,Atomic Theory: Scientific Method in Action,1,Matter and Energy: An Atomic Perspective,Matter and Energy,"Introduction, Matter, Science"
1,1,78,Quiz 1,http://openanalytics-assessments.com/assessments/lti?custom_assessment_id=78,1_1_10_individual_particles,https://ayamel.byu.edu/course/350/content/2155/lti,http://chempath.byu.edu/chem105/blackboardmp4videos/1_1_10bb.mp4,2155,77.88,1,1,1,10,10,individual particles,9/3/15,1,0,1,1.1-1.6,0,9,9,,Sections 1.5,Atomic Theory: Scientific Method in Action,1,Matter and Energy: An Atomic Perspective,Matter and Energy,"Introduction, Matter, Science"
1,1,78,Quiz 1,http://openanalytics-assessments.com/assessments/lti?custom_assessment_id=78,1_1_11_law_of_multiple_proportions,https://ayamel.byu.edu/course/350/content/2156/lti,http://chempath.byu.edu/chem105/blackboardmp4videos/1_1_11bb.mp4,2156,199.344,1,1,1,11,11,law of multiple proportions,9/3/15,1,0,1,1.1-1.6,0,10,10,,Sections 1.5,Atomic Theory: Scientific Method in Action,1,Matter and Energy: An Atomic Perspective,Matter and Energy,"Introduction, Matter, Science"
1,1,78,Quiz 1,http://openanalytics-assessments.com/assessments/lti?custom_assessment_id=78,1_1_12_the_atom,https://ayamel.byu.edu/course/350/content/2157/lti,http://chempath.byu.edu/chem105/blackboardmp4videos/1_1_12bb.mp4,2157,141.712,1,1,1,12,12,the atom,9/3/15,1,0,1,1.1-1.6,0,11,11,,Sections 1.5,Atomic Theory: Scientific Method in Action,1,Matter and Energy: An Atomic Perspective,Matter and Energy,"Introduction, Matter, Science"
1,1,78,Quiz 1,http://openanalytics-assessments.com/assessments/lti?custom_assessment_id=78,1_1_14_molecules_chemical_reactions,https://ayamel.byu.edu/course/350/content/2159/lti,http://chempath.byu.edu/chem105/blackboardmp4videos/1_1_14bb.mp4,2159,101.379,1,1,1,14,14,molecules and chemical reactions,9/3/15,1,0,1,1.1-1.6,0,12,12,,Sections 1.6,A Molecular View,1,Matter and Energy: An Atomic Perspective,Matter and Energy,"Introduction, Matter, Science"
1,1,78,Quiz 1,http://openanalytics-assessments.com/assessments/lti?custom_assessment_id=78,1_1_15_chemical_reactions,https://ayamel.byu.edu/course/350/content/2160/lti,http://chempath.byu.edu/chem105/blackboardmp4videos/1_1_15bb.mp4,2160,290.227,1,1,1,15,15,chemical reactions,9/3/15,1,0,1,1.1-1.6,0,13,13,,Sections 1.6,A Molecular View,1,Matter and Energy: An Atomic Perspective,Matter and Energy,"Introduction, Matter, Science"
2,2,79,Quiz 2,http://openanalytics-assessments.com/assessments/lti?custom_assessment_id=79,2_1_1_units_measurement,https://ayamel.byu.edu/course/350/content/2170/lti,http://chempath.byu.edu/chem105/blackboardmp4videos/2_1_1bb.mp4,2170,258.16,2,1,3,1,25,units and measurement,9/5/15,2,1,2,1.7-1.10,0,14,1,1,Sections 1.8,Making Measurements and Expressing the Results,1,Matter and Energy: An Atomic Perspective,Matter and Energy,"Measurements, Calculations"
2,2,79,Quiz 2,http://openanalytics-assessments.com/assessments/lti?custom_assessment_id=79,2_1_2_si_system_metric_units,https://ayamel.byu.edu/course/350/content/2171/lti,http://chempath.byu.edu/chem105/blackboardmp4videos/2_1_2bb.mp4,2171,422.232,2,1,3,2,26,si system and metric units,9/5/15,2,0,2,1.7-1.10,0,15,2,,Sections 1.8,Making Measurements and Expressing the Results,1,Matter and Energy: An Atomic Perspective,Matter and Energy,"Measurements, Calculations"
2,2,79,Quiz 2,http://openanalytics-assessments.com/assessments/lti?custom_assessment_id=79,2_1_3_significant_figures,https://ayamel.byu.edu/course/350/content/2172/lti,http://chempath.byu.edu/chem105/blackboardmp4videos/2_1_3bb.mp4,2172,325.962,2,1,3,3,27,significant figures,9/5/15,2,0,2,1.7-1.10,0,16,3,,Sections 1.8,Making Measurements and Expressing the Results,1,Matter and Energy: An Atomic Perspective,Matter and Energy,"Measurements, Calculations"
2,2,79,Quiz 2,http://openanalytics-assessments.com/assessments/lti?custom_assessment_id=79,2_1_4_calculations_with_significant_figures,https://ayamel.byu.edu/course/350/content/2173/lti,http://chempath.byu.edu/chem105/blackboardmp4videos/2_1_4bb.mp4,2173,332.812,2,1,3,4,28,calculations with significant figures,9/5/15,2,0,2,1.7-1.10,0,17,4,,Sections 1.8,Making Measurements and Expressing the Results,1,Matter and Energy: An Atomic Perspective,Matter and Energy,"Measurements, Calculations"
2,2,79,Quiz 2,http://openanalytics-assessments.com/assessments/lti?custom_assessment_id=79,2_1_5_scientific_notation,https://ayamel.byu.edu/course/350/content/2174/lti,http://chempath.byu.edu/chem105/blackboardmp4videos/2_1_5bb.mp4,2174,361.303,2,1,3,5,29,scientific notation,9/5/15,2,0,2,1.7-1.10,0,18,5,,Sections 1.8,Making Measurements and Expressing the Results,1,Matter and Energy: An Atomic Perspective,Matter and Energy,"Measurements, Calculations"
2,2,79,Quiz 2,http://openanalytics-assessments.com/assessments/lti?custom_assessment_id=79,2_1_6_expressing_measured_values_in_new_units,https://ayamel.byu.edu/course/350/content/2175/lti,http://chempath.byu.edu/chem105/blackboardmp4videos/2_1_6bb.mp4,2175,343.865,2,1,3,6,30,expressing measured units in new units,9/5/15,2,0,2,1.7-1.10,0,19,6,,Sections 1.9,Unit Conversions and Dimensional Analysis,1,Matter and Energy: An Atomic Perspective,Matter and Energy,"Measurements, Calculations"
2,2,79,Quiz 2,http://openanalytics-assessments.com/assessments/lti?custom_assessment_id=79,2_1_7_expressing_measured_values_in_new_units_water,https://ayamel.byu.edu/course/350/content/2176/lti,http://chempath.byu.edu/chem105/blackboardmp4videos/2_1_7bb.mp4,2176,467.441,2,1,3,7,31,expressing measured units in new units water,9/5/15,2,0,2,1.7-1.10,0,20,7,,Sections 1.9,Unit Conversions and Dimensional Analysis,1,Matter and Energy: An Atomic Perspective,Matter and Energy,"Measurements, Calculations"
2,2,79,Quiz 2,http://openanalytics-assessments.com/assessments/lti?custom_assessment_id=79,2_1_8_expressing_measured_values_in_new_units_metric_to_english,https://ayamel.byu.edu/course/350/content/2177/lti,http://chempath.byu.edu/chem105/blackboardmp4videos/2_1_8bb.mp4,2177,214.949,2,1,3,8,32,expressing measured units in new units metric to english,9/5/15,2,0,2,1.7-1.10,0,21,8,,Sections 1.9,Unit Conversions and Dimensional Analysis,1,Matter and Energy: An Atomic Perspective,Matter and Energy,"Measurements, Calculations"
3,3,80,Quiz 3,http://openanalytics-assessments.com/assessments/lti?custom_assessment_id=80,1_1_13_the_periodic_table,https://ayamel.byu.edu/course/350/content/2158/lti,http://chempath.byu.edu/chem105/blackboardmp4videos/1_1_13bb.mp4,2158,87.191,1,1,1,13,13,the periodic table I,9/8/15,3,1,3,2.1-2.3,0,23,1,,Sections 2.3,Navigating the Periodic Table,2,"Atoms, Ions, and Molecules: The Building Blocks of Matter","Atoms, Ions, and Molecules",The Atom
3,3,80,Quiz 3,http://openanalytics-assessments.com/assessments/lti?custom_assessment_id=80,1_2_1_electrostatic_properties,https://ayamel.byu.edu/course/350/content/2161/lti,http://chempath.byu.edu/chem105/blackboardmp4videos/1_2_1bb.mp4,2161,158.059,1,2,2,1,16,electrostatic properties,9/8/15,3,0,3,2.1-2.3,0,24,2,,Sections 2.1,The Rutherford Model of Atomic Structure,2,"Atoms, Ions, and Molecules: The Building Blocks of Matter","Atoms, Ions, and Molecules",The Atom
3,3,80,Quiz 3,http://openanalytics-assessments.com/assessments/lti?custom_assessment_id=80,1_2_2_coulomb_s_law,https://ayamel.byu.edu/course/350/content/2162/lti,http://chempath.byu.edu/chem105/blackboardmp4videos/1_2_2bb.mp4,2162,274.948,1,2,2,2,17,Coulomb's Law,9/8/15,3,0,3,2.1-2.3,0,25,3,,Sections 2.1,The Rutherford Model of Atomic Structure,2,"Atoms, Ions, and Molecules: The Building Blocks of Matter","Atoms, Ions, and Molecules",The Atom
3,3,80,Quiz 3,http://openanalytics-assessments.com/assessments/lti?custom_assessment_id=80,1_2_3_thomson_s_cathode_rays,https://ayamel.byu.edu/course/350/content/2163/lti,http://chempath.byu.edu/chem105/blackboardmp4videos/1_2_3bb.mp4,2163,107.393,1,2,2,3,18,thomson's cathode rays,9/8/15,3,0,3,2.1-2.3,0,26,4,,Sections 2.1,The Rutherford Model of Atomic Structure,2,"Atoms, Ions, and Molecules: The Building Blocks of Matter","Atoms, Ions, and Molecules",The Atom
3,3,80,Quiz 3,http://openanalytics-assessments.com/assessments/lti?custom_assessment_id=80,1_2_4_the_proton,https://ayamel.byu.edu/course/350/content/2164/lti,http://chempath.byu.edu/chem105/blackboardmp4videos/1_2_4bb.mp4,2164,140.83,1,2,2,4,19,the proton,9/8/15,3,0,3,2.1-2.3,0,27,5,,Sections 2.1,The Rutherford Model of Atomic Structure,2,"Atoms, Ions, and Molecules: The Building Blocks of Matter","Atoms, Ions, and Molecules",The Atom
3,3,80,Quiz 3,http://openanalytics-assessments.com/assessments/lti?custom_assessment_id=80,1_2_5_subatomic_particles,https://ayamel.byu.edu/course/350/content/2165/lti,http://chempath.byu.edu/chem105/blackboardmp4videos/1_2_5bb.mp4,2165,183.392,1,2,2,5,20,subatomic particles,9/8/15,3,0,3,2.1-2.3,0,28,6,,Sections 2.1,The Rutherford Model of Atomic Structure,2,"Atoms, Ions, and Molecules: The Building Blocks of Matter","Atoms, Ions, and Molecules",The Atom
3,3,80,Quiz 3,http://openanalytics-assessments.com/assessments/lti?custom_assessment_id=80,1_2_6_elemental_notation_isotopes,https://ayamel.byu.edu/course/350/content/2166/lti,http://chempath.byu.edu/chem105/blackboardmp4videos/1_2_6bb.mp4,2166,216.689,1,2,2,6,21,elemental notation isotopes,9/8/15,3,0,3,2.1-2.3,0,29,7,,Sections 2.2,Nuclides and Their Symbols,2,"Atoms, Ions, and Molecules: The Building Blocks of Matter","Atoms, Ions, and Molecules",The Atom
3,3,80,Quiz 3,http://openanalytics-assessments.com/assessments/lti?custom_assessment_id=80,1_2_9_the_periodic_table,https://ayamel.byu.edu/course/350/content/2169/lti,http://chempath.byu.edu/chem105/blackboardmp4videos/1_2_9bb.mp4,2169,354.128,1,2,2,9,24,the periodic table II,9/8/15,3,0,3,2.1-2.3,0,30,8,,Sections 2.3,Navigating the Periodic Table,2,"Atoms, Ions, and Molecules: The Building Blocks of Matter","Atoms, Ions, and Molecules",The Atom
4,4,81,Quiz 4,http://openanalytics-assessments.com/assessments/lti?custom_assessment_id=81,1_2_7_atomic_mass_values,https://ayamel.byu.edu/course/350/content/2167/lti,http://chempath.byu.edu/chem105/blackboardmp4videos/1_2_7bb.mp4,2167,108.647,1,2,2,7,22,atomic mass values,9/10/15,4,1,4,2.4-2.5,0,31,1,,Sections 2.4,"Masses of Atoms, Ions, and Molecules",2,"Atoms, Ions, and Molecules: The Building Blocks of Matter","Atoms, Ions, and Molecules",Moles and Mass
4,4,81,Quiz 4,http://openanalytics-assessments.com/assessments/lti?custom_assessment_id=81,1_2_8_average_atomic_mass,https://ayamel.byu.edu/course/350/content/2168/lti,http://chempath.byu.edu/chem105/blackboardmp4videos/1_2_8bb.mp4,2168,134.607,1,2,2,8,23,average atomic mass,9/10/15,4,0,4,2.4-2.5,0,32,2,,Sections 2.4,"Masses of Atoms, Ions, and Molecules",2,"Atoms, Ions, and Molecules: The Building Blocks of Matter","Atoms, Ions, and Molecules",Moles and Mass
4,4,81,Quiz 4,http://openanalytics-assessments.com/assessments/lti?custom_assessment_id=81,2_2_4_atomic_mass_moles,https://ayamel.byu.edu/course/350/content/2181/lti,http://chempath.byu.edu/chem105/blackboardmp4videos/2_2_4bb.mp4,2181,260.343,2,2,4,4,36,atomic mass and moles,9/10/15,4,0,4,2.4-2.5,0,33,3,,Sections 2.5,Moles and Molar Masses,2,"Atoms, Ions, and Molecules: The Building Blocks of Matter","Atoms, Ions, and Molecules",Moles and Mass
4,4,81,Quiz 4,http://openanalytics-assessments.com/assessments/lti?custom_assessment_id=81,2_2_5_atoms_molecules_formula_units,https://ayamel.byu.edu/course/350/content/2182/lti,http://chempath.byu.edu/chem105/blackboardmp4videos/2_2_5bb.mp4,2182,404.772,2,2,4,5,37,atoms molecules and formula units,9/10/15,4,0,4,2.4-2.5,0,34,4,,Sections 2.5,Moles and Molar Masses,2,"Atoms, Ions, and Molecules: The Building Blocks of Matter","Atoms, Ions, and Molecules",Moles and Mass
5,17,94,Quiz 5,"http://openanalytics-assessments.com/assessments/lti?custom_assessment_id=94,95",1_1_5_law_of_conservation_of_mass,https://ayamel.byu.edu/course/350/content/2150/lti,http://chempath.byu.edu/chem105/blackboardmp4videos/1_1_5bb.mp4,2150,121.302,1,1,1,5,5,law of conservation of mass,10/20/15,6,1,21,7.1-7.4,0,139,1,,Sections 7.1,Chemical Reactions and the Conservation of Mass,7,Stoichiometry: Mass Relationships and Chemical Reactions,Stoichiometry,Stoichiometry
5,17,94,Quiz 5,"http://openanalytics-assessments.com/assessments/lti?custom_assessment_id=94,95",2_2_1_balancing_chemical_equations,https://ayamel.byu.edu/course/350/content/2178/lti,http://chempath.byu.edu/chem105/blackboardmp4videos/2_2_1bb.mp4,2178,322.41,2,2,4,1,33,balancing chemical equations,10/20/15,6,0,21,7.1-7.4,0,140,2,,Section 7.2,Balancing Chemical Equations,7,Stoichiometry: Mass Relationships and Chemical Reactions,Stoichiometry,Stoichiometry
5,17,94,Quiz 5,"http://openanalytics-assessments.com/assessments/lti?custom_assessment_id=94,95",2_2_2_using_chemical_equations,https://ayamel.byu.edu/course/350/content/2179/lti,http://chempath.byu.edu/chem105/blackboardmp4videos/2_2_2bb.mp4,2179,171.155,2,2,4,2,34,using chemical equations,10/20/15,6,0,21,7.1-7.4,0,141,3,,Section 7.2,Balancing Chemical Equations,7,Stoichiometry: Mass Relationships and Chemical Reactions,Stoichiometry,Stoichiometry
5,17,94,Quiz 5,"http://openanalytics-assessments.com/assessments/lti?custom_assessment_id=94,95",2_2_3_stoichiometry_balanced_equations,https://ayamel.byu.edu/course/350/content/2180/lti,http://chempath.byu.edu/chem105/blackboardmp4videos/2_2_3bb.mp4,2180,286.024,2,2,4,3,35,stoichiometry and chemical equations,10/20/15,6,0,21,7.1-7.4,0,142,4,,Section 7.4,Stoichiometirc Calculations and the Carbon Cycle,7,Stoichiometry: Mass Relationships and Chemical Reactions,Stoichiometry,Stoichiometry
5,17,94,Quiz 5,"http://openanalytics-assessments.com/assessments/lti?custom_assessment_id=94,95",2_2_6_understanding_balanced_chemical_equations,https://ayamel.byu.edu/course/350/content/2183/lti,http://chempath.byu.edu/chem105/blackboardmp4videos/2_2_6bb.mp4,2183,181.093,2,2,4,6,38,understanding balanced chemical equations,10/20/15,6,0,21,7.1-7.4,0,143,5,,Section 7.4,Stoichiometirc Calculations and the Carbon Cycle,7,Stoichiometry: Mass Relationships and Chemical Reactions,Stoichiometry,Stoichiometry
5,17,94,Quiz 5,"http://openanalytics-assessments.com/assessments/lti?custom_assessment_id=94,95",2_2_7_balanced_equations_moles,https://ayamel.byu.edu/course/350/content/2184/lti,http://chempath.byu.edu/chem105/blackboardmp4videos/2_2_7bb.mp4,2184,170.342,2,2,4,7,39,balanced equations and moles,10/20/15,6,0,21,7.1-7.4,0,144,6,,Section 7.4,Stoichiometirc Calculations and the Carbon Cycle,7,Stoichiometry: Mass Relationships and Chemical Reactions,Stoichiometry,Stoichiometry
5,17,94,Quiz 5,"http://openanalytics-assessments.com/assessments/lti?custom_assessment_id=94,95",2_2_8_stoichiometric_ratios,https://ayamel.byu.edu/course/350/content/2185/lti,http://chempath.byu.edu/chem105/blackboardmp4videos/2_2_8bb.mp4,2185,252.332,2,2,4,8,40,stoichiometric ratios,10/20/15,6,0,21,7.1-7.4,0,145,7,,Section 7.4,Stoichiometirc Calculations and the Carbon Cycle,7,Stoichiometry: Mass Relationships and Chemical Reactions,Stoichiometry,Stoichiometry
5,17,94,Quiz 5,"http://openanalytics-assessments.com/assessments/lti?custom_assessment_id=94,95",2_2_9_calculations_using_moles,https://ayamel.byu.edu/course/350/content/2186/lti,http://chempath.byu.edu/chem105/blackboardmp4videos/2_2_9bb.mp4,2186,171.55,2,2,4,9,41,calculations using moles,10/20/15,6,0,21,7.1-7.4,0,146,8,,Section 7.4,Stoichiometirc Calculations and the Carbon Cycle,7,Stoichiometry: Mass Relationships and Chemical Reactions,Stoichiometry,Stoichiometry
5,17,94,Quiz 5,"http://openanalytics-assessments.com/assessments/lti?custom_assessment_id=94,95",2_2_10_stoichiometric_ratios_nacl,https://ayamel.byu.edu/course/350/content/2187/lti,http://chempath.byu.edu/chem105/blackboardmp4videos/2_2_10bb.mp4,2187,328.772,2,2,4,10,42,stoichiometric ratios I,10/20/15,6,0,21,7.1-7.4,0,147,9,,Section 7.4,Stoichiometirc Calculations and the Carbon Cycle,7,Stoichiometry: Mass Relationships and Chemical Reactions,Stoichiometry,Stoichiometry
5,17,94,Quiz 5,"http://openanalytics-assessments.com/assessments/lti?custom_assessment_id=94,95",2_2_11_stoichiometric_ratios_nacl_cont.,https://ayamel.byu.edu/course/350/content/2188/lti,http://chempath.byu.edu/chem105/blackboardmp4videos/2_2_11bb.mp4,2188,238.353,2,2,4,11,43,stoichiometric ratios II,10/20/15,6,0,21,7.1-7.4,0,148,10,,Section 7.4,Stoichiometirc Calculations and the Carbon Cycle,7,Stoichiometry: Mass Relationships and Chemical Reactions,Stoichiometry,Stoichiometry
7,19,96,Quiz 7,http://openanalytics-assessments.com/assessments/lti?custom_assessment_id=96,2_3_1_limiting_reactants,https://ayamel.byu.edu/course/350/content/2189/lti,http://chempath.byu.edu/chem105/blackboardmp4videos/2_2_12bb.mp4,2189,412.851,2,3,5,1,44,limiting reactants,10/22/15,7,1,22,7.8,0,149,1,,Section 7.8,Limiting Reactants and Percent Yield,7,Stoichiometry: Mass Relationships and Chemical Reactions,Stoichiometry,"% Mass, Empirical Formula"
7,19,96,Quiz 7,http://openanalytics-assessments.com/assessments/lti?custom_assessment_id=96,2_3_4_percent_yield,https://ayamel.byu.edu/course/350/content/2191/lti,http://chempath.byu.edu/chem105/blackboardmp4videos/2_2_15bb.mp4,2191,114.916,2,3,5,4,47,percent yield,10/22/15,7,0,22,7.8,0,150,2,,Section 7.8,Limiting Reactants and Percent Yield,7,Stoichiometry: Mass Relationships and Chemical Reactions,Stoichiometry,"% Mass, Empirical Formula"
8,20,97,Quiz 8,http://openanalytics-assessments.com/assessments/lti?custom_assessment_id=97,2_3_2_percent_composition,https://ayamel.byu.edu/course/350/content/2401/lti,http://chempath.byu.edu/chem105/blackboardmp4videos/2_3_2bbnew.mp4,2401,245.4785,2,3,5,2,45,percent composition,10/24/15,8,1,23,7.5-7.6,0,151,1,,Sections 7.5,Percent composition and Empirical Formula,7,Stoichiometry: Mass Relationships and Chemical Reactions,Stoichiometry,"Limiting Reactants, % Yield"
8,20,97,Quiz 8,http://openanalytics-assessments.com/assessments/lti?custom_assessment_id=97,2_3_3_empirical_formula,https://ayamel.byu.edu/course/350/content/2190/lti,http://chempath.byu.edu/chem105/blackboardmp4videos/2_2_14bb.mp4,2190,348.857,2,3,5,3,46,empirical formula,10/24/15,8,0,23,7.5-7.6,0,152,2,,Sections 7.5,Percent composition and Empirical Formula,7,Stoichiometry: Mass Relationships and Chemical Reactions,Stoichiometry,"Limiting Reactants, % Yield"
9,5,82,Quiz 9,http://openanalytics-assessments.com/assessments/lti?custom_assessment_id=82,3_1_2_electromagnetic_radiation,https://ayamel.byu.edu/course/350/content/2193/lti,http://chempath.byu.edu/chem105/blackboardmp4videos/3_1_4bb.mp4,2193,61.65,3,1,6,2,49,electromagnetic radiation,9/12/15,5,1,5,3.1-3.3,0,36,2,,Sections 3.1,Waves of Light,3,Atomic Structure: Explaining the Properties of the Elements,Atomic Structure,Light
9,5,82,Quiz 9,http://openanalytics-assessments.com/assessments/lti?custom_assessment_id=82,3_1_3_wave_properties,https://ayamel.byu.edu/course/350/content/2194/lti,http://chempath.byu.edu/chem105/blackboardmp4videos/3_1_5bb.mp4,2194,93.182,3,1,6,3,50,wave properties,9/12/15,5,0,5,3.1-3.3,0,37,3,,Sections 3.1,Waves of Light,3,Atomic Structure: Explaining the Properties of the Elements,Atomic Structure,Light
9,5,82,Quiz 9,http://openanalytics-assessments.com/assessments/lti?custom_assessment_id=82,3_1_4_units_of_wave_properties,https://ayamel.byu.edu/course/350/content/2195/lti,http://chempath.byu.edu/chem105/blackboardmp4videos/3_1_6bb.mp4,2195,108.965,3,1,6,4,51,wave units,9/12/15,5,0,5,3.1-3.3,0,38,4,,Sections 3.1,Waves of Light,3,Atomic Structure: Explaining the Properties of the Elements,Atomic Structure,Light
9,5,82,Quiz 9,http://openanalytics-assessments.com/assessments/lti?custom_assessment_id=82,3_1_5_the_electromagnetic_spectrum,https://ayamel.byu.edu/course/350/content/2196/lti,http://chempath.byu.edu/chem105/blackboardmp4videos/3_1_7bb.mp4,2196,89.445,3,1,6,5,52,the electromagnetic spectrum,9/12/15,5,0,5,3.1-3.3,0,39,5,,Sections 3.1,Waves of Light,3,Atomic Structure: Explaining the Properties of the Elements,Atomic Structure,Light
9,5,82,Quiz 9,http://openanalytics-assessments.com/assessments/lti?custom_assessment_id=82,3_1_6_blackbody_radiation,https://ayamel.byu.edu/course/350/content/2197/lti,http://chempath.byu.edu/chem105/blackboardmp4videos/3_1_8bb.mp4,2197,79.835,3,1,6,6,53,blackbody radiation,9/12/15,5,0,5,3.1-3.3,0,40,6,,Sections 3.3,Particles of Light: Quantum Theory,3,Atomic Structure: Explaining the Properties of the Elements,Atomic Structure,Light
9,5,82,Quiz 9,http://openanalytics-assessments.com/assessments/lti?custom_assessment_id=82,3_1_7_theory_vs._experimentation,https://ayamel.byu.edu/course/350/content/2198/lti,http://chempath.byu.edu/chem105/blackboardmp4videos/3_1_9bb.mp4,2198,141.932,3,1,6,7,54,theory vs. experimentation,9/12/15,5,0,5,3.1-3.3,0,41,7,,Sections 3.3,Particles of Light: Quantum Theory,3,Atomic Structure: Explaining the Properties of the Elements,Atomic Structure,Light
9,5,82,Quiz 9,http://openanalytics-assessments.com/assessments/lti?custom_assessment_id=82,3_1_8_planck_s_constant,https://ayamel.byu.edu/course/350/content/2199/lti,http://chempath.byu.edu/chem105/blackboardmp4videos/3_1_10bb.mp4,2199,64.987,3,1,6,8,55,planck's constant,9/12/15,5,0,5,3.1-3.3,0,42,8,,Sections 3.3,Particles of Light: Quantum Theory,3,Atomic Structure: Explaining the Properties of the Elements,Atomic Structure,Light
9,5,82,Quiz 9,http://openanalytics-assessments.com/assessments/lti?custom_assessment_id=82,3_1_9_the_photoelectric_effect,https://ayamel.byu.edu/course/350/content/2200/lti,http://chempath.byu.edu/chem105/blackboardmp4videos/3_1_11bb.mp4,2200,132.655,3,1,6,9,56,the photoelectric effect,9/12/15,5,0,5,3.1-3.3,0,43,9,,Sections 3.3,Particles of Light: Quantum Theory,3,Atomic Structure: Explaining the Properties of the Elements,Atomic Structure,Light
9,5,82,Quiz 9,http://openanalytics-assessments.com/assessments/lti?custom_assessment_id=82,3_1_10_photons,https://ayamel.byu.edu/course/350/content/2402/lti,http://chempath.byu.edu/chem105/blackboardmp4videos/3_1_10bbnew.mp4,2402,116.116,3,1,6,10,57,photons,9/12/15,5,0,5,3.1-3.3,0,44,10,,Sections 3.3,Particles of Light: Quantum Theory,3,Atomic Structure: Explaining the Properties of the Elements,Atomic Structure,Light
9,5,82,Quiz 9,http://openanalytics-assessments.com/assessments/lti?custom_assessment_id=82,3_2_1_atomic_spectra,https://ayamel.byu.edu/course/350/content/2201/lti,http://chempath.byu.edu/chem105/blackboardmp4videos/3_2_1bb.mp4,2201,114.77,3,2,7,1,58,atomic spectra,9/12/15,5,0,5,3.1-3.3,0,45,11,,Sections 3.2,Atomic Spectra,3,Atomic Structure: Explaining the Properties of the Elements,Atomic Structure,Light
9,5,82,Quiz 9,http://openanalytics-assessments.com/assessments/lti?custom_assessment_id=82,3_2_2_rydberg_s_equation,https://ayamel.byu.edu/course/350/content/2403/lti,http://chempath.byu.edu/chem105/blackboardmp4videos/3_2_2bbnew.mp4,2403,56.7567,3,2,7,2,59,rydberg equation,9/12/15,5,0,5,3.1-3.3,0,46,12,,Sections 3.2,Atomic Spectra,3,Atomic Structure: Explaining the Properties of the Elements,Atomic Structure,Light
9,5,82,Quiz 9,http://openanalytics-assessments.com/assessments/lti?custom_assessment_id=82,3_3_1_wave_particle_duality_of_matter,https://ayamel.byu.edu/course/350/content/2205/lti,http://chempath.byu.edu/chem105/blackboardmp4videos/3_3_1bb.mp4,2205,134.39,3,3,8,1,63,Wave-Particle Duality,9/12/15,5,0,5,3.1-3.3,0,47,13,,Sections 3.3,Particles of Light: Quantum Theory,3,Atomic Structure: Explaining the Properties of the Elements,Atomic Structure,Light
10,6,83,Quiz 10,http://openanalytics-assessments.com/assessments/lti?custom_assessment_id=83,3_2_3_the_bohr_model,https://ayamel.byu.edu/course/350/content/2202/lti,http://chempath.byu.edu/chem105/blackboardmp4videos/3_2_2bb.mp4,2202,73.362,3,2,7,3,60,the bohr model,9/15/15,9,1,6,"3.2,3.4",0,48,1,,Sections 3.4,The Hydrogen Spectrum and the Bohr Model,3,Atomic Structure: Explaining the Properties of the Elements,Atomic Structure,"Atomic Spectra, Bohr Model"
10,6,83,Quiz 10,http://openanalytics-assessments.com/assessments/lti?custom_assessment_id=83,3_2_4_bohr_s_model_for_hydrogen,https://ayamel.byu.edu/course/350/content/2203/lti,http://chempath.byu.edu/chem105/blackboardmp4videos/3_2_3bb.mp4,2203,91.38,3,2,7,4,61,limitations of the bohr model,9/15/15,9,0,6,"3.2,3.4",0,49,2,,Sections 3.4,The Hydrogen Spectrum and the Bohr Model,3,Atomic Structure: Explaining the Properties of the Elements,Atomic Structure,"Atomic Spectra, Bohr Model"
10,6,83,Quiz 10,http://openanalytics-assessments.com/assessments/lti?custom_assessment_id=83,3_2_5_total_electrons_in_each_energy_level,https://ayamel.byu.edu/course/350/content/2204/lti,http://chempath.byu.edu/chem105/blackboardmp4videos/3_2_4bb.mp4,2204,85.242,3,2,7,5,62,Number of Electrons in Each n Level,9/15/15,9,0,6,"3.2,3.4",0,50,3,,Sections 3.4,The Hydrogen Spectrum and the Bohr Model,3,Atomic Structure: Explaining the Properties of the Elements,Atomic Structure,"Atomic Spectra, Bohr Model"
10,6,83,Quiz 10,http://openanalytics-assessments.com/assessments/lti?custom_assessment_id=83,2_2_5_electron_transitions,https://ayamel.byu.edu/course/350/content/2772/lti,http://chempath.byu.edu/chem105/blackboardmp4videos/Electron%20Transitions.mp4,2772,100,3,2,7,5,62,Number of Electrons in Each n Level,9/15/15,9,0,6,"3.2,3.4",0,50,3,,Sections 3.4,The Hydrogen Spectrum and the Bohr Model,3,Atomic Structure: Explaining the Properties of the Elements,Atomic Structure,"Atomic Spectra, Bohr Model"
10,6,83,Quiz 10,http://openanalytics-assessments.com/assessments/lti?custom_assessment_id=83,2_2_6_energy_of_electrons,https://ayamel.byu.edu/course/350/content/2773/lti,http://chempath.byu.edu/chem105/blackboardmp4videos/Energy%20of%20Electrons.mp4,2773,100,3,2,7,5,62,Number of Electrons in Each n Level,9/15/15,9,0,6,"3.2,3.4",0,50,3,,Sections 3.4,The Hydrogen Spectrum and the Bohr Model,3,Atomic Structure: Explaining the Properties of the Elements,Atomic Structure,"Atomic Spectra, Bohr Model"
10,6,83,Quiz 10,http://openanalytics-assessments.com/assessments/lti?custom_assessment_id=83,2_2_7_limitations_of_the_bohr_equation,https://ayamel.byu.edu/course/350/content/2774/lti,http://chempath.byu.edu/chem105/blackboardmp4videos/Limitations%20of%20the%20Bohr%20Equation.mp4,2774,100,3,2,7,5,62,Number of Electrons in Each n Level,9/15/15,9,0,6,"3.2,3.4",0,50,3,,Sections 3.4,The Hydrogen Spectrum and the Bohr Model,3,Atomic Structure: Explaining the Properties of the Elements,Atomic Structure,"Atomic Spectra, Bohr Model"
10,6,83,Quiz 10,http://openanalytics-assessments.com/assessments/lti?custom_assessment_id=83,2_2_8_the_bohr_equation,https://ayamel.byu.edu/course/350/content/2775/lti,http://chempath.byu.edu/chem105/blackboardmp4videos/The%20Bohr%20Equation.mp4,2775,100,3,2,7,5,62,Number of Electrons in Each n Level,9/15/15,9,0,6,"3.2,3.4",0,50,3,,Sections 3.4,The Hydrogen Spectrum and the Bohr Model,3,Atomic Structure: Explaining the Properties of the Elements,Atomic Structure,"Atomic Spectra, Bohr Model"
11,7,84,Quiz 11,http://openanalytics-assessments.com/assessments/lti?custom_assessment_id=84,3_3_2_standing_waves,https://ayamel.byu.edu/course/350/content/2206/lti,http://chempath.byu.edu/chem105/blackboardmp4videos/3_3_2bb.mp4,2206,131.354,3,3,8,2,64,standing waves,9/17/15,10,1,7,3.5-3.7,0,51,1,,Sections 3.5,Electrons as Waves,3,Atomic Structure: Explaining the Properties of the Elements,Atomic Structure,"Electron Waves, Orbitals"
11,7,84,Quiz 11,http://openanalytics-assessments.com/assessments/lti?custom_assessment_id=84,3_3_3_electrons_as_standing_waves,https://ayamel.byu.edu/course/350/content/2207/lti,http://chempath.byu.edu/chem105/blackboardmp4videos/3_3_3bb.mp4,2207,128.217,3,3,8,3,65,electrons as standing waves,9/17/15,10,0,7,3.5-3.7,0,52,2,,Sections 3.5,Electrons as Waves,3,Atomic Structure: Explaining the Properties of the Elements,Atomic Structure,"Electron Waves, Orbitals"
11,7,84,Quiz 11,http://openanalytics-assessments.com/assessments/lti?custom_assessment_id=84,3_3_4_the_heisenberg_uncertainty_principle,https://ayamel.byu.edu/course/350/content/2208/lti,http://chempath.byu.edu/chem105/blackboardmp4videos/3_3_4bb.mp4,2208,169.625,3,3,8,4,66,The Heisenberg Uncertainly Principle,9/17/15,10,0,7,3.5-3.7,0,53,3,,Sections 3.5,Electrons as Waves,3,Atomic Structure: Explaining the Properties of the Elements,Atomic Structure,"Electron Waves, Orbitals"
11,7,84,Quiz 11,http://openanalytics-assessments.com/assessments/lti?custom_assessment_id=84,3_3_5_quantum_numbers,https://ayamel.byu.edu/course/350/content/2209/lti,http://chempath.byu.edu/chem105/blackboardmp4videos/3_3_5bb.mp4,2209,200.357,3,3,8,5,67,quantum numbers,9/17/15,10,0,7,3.5-3.7,0,54,4,,Sections 3.6,Quantum Numbers,3,Atomic Structure: Explaining the Properties of the Elements,Atomic Structure,"Electron Waves, Orbitals"
11,7,84,Quiz 11,http://openanalytics-assessments.com/assessments/lti?custom_assessment_id=84,3_3_6_s_orbitals,https://ayamel.byu.edu/course/350/content/2210/lti,http://chempath.byu.edu/chem105/blackboardmp4videos/3_3_6bb.mp4,2210,58.314,3,3,8,6,68,s orbitals,9/17/15,10,0,7,3.5-3.7,0,55,5,,Sections 3.7,The sizes and Shapes of Atomic Orbitals,3,Atomic Structure: Explaining the Properties of the Elements,Atomic Structure,"Electron Waves, Orbitals"
11,7,84,Quiz 11,http://openanalytics-assessments.com/assessments/lti?custom_assessment_id=84,3_3_7_p_orbitals,https://ayamel.byu.edu/course/350/content/2211/lti,http://chempath.byu.edu/chem105/blackboardmp4videos/3_3_7bb.mp4,2211,77.3,3,3,8,7,69,p orbitals,9/17/15,10,0,7,3.5-3.7,0,56,6,,Sections 3.7,The sizes and Shapes of Atomic Orbitals,3,Atomic Structure: Explaining the Properties of the Elements,Atomic Structure,"Electron Waves, Orbitals"
11,7,84,Quiz 11,http://openanalytics-assessments.com/assessments/lti?custom_assessment_id=84,3_3_8_d_orbitals,https://ayamel.byu.edu/course/350/content/2212/lti,http://chempath.byu.edu/chem105/blackboardmp4videos/3_3_8bb.mp4,2212,69.159,3,3,8,8,70,d orbitals,9/17/15,10,0,7,3.5-3.7,0,57,7,,Sections 3.7,The sizes and Shapes of Atomic Orbitals,3,Atomic Structure: Explaining the Properties of the Elements,Atomic Structure,"Electron Waves, Orbitals"
11,7,84,Quiz 11,http://openanalytics-assessments.com/assessments/lti?custom_assessment_id=84,3_3_9_f_orbitals,https://ayamel.byu.edu/course/350/content/2213/lti,http://chempath.byu.edu/chem105/blackboardmp4videos/3_3_9bb.mp4,2213,50.274,3,3,8,9,71,f orbitals,9/17/15,10,0,7,3.5-3.7,0,58,8,,Sections 3.7,The sizes and Shapes of Atomic Orbitals,3,Atomic Structure: Explaining the Properties of the Elements,Atomic Structure,"Electron Waves, Orbitals"
11,7,84,Quiz 11,http://openanalytics-assessments.com/assessments/lti?custom_assessment_id=84,3_3_10_review_of_orbitals,https://ayamel.byu.edu/course/350/content/2214/lti,http://chempath.byu.edu/chem105/blackboardmp4videos/3_3_10bb.mp4,2214,159.049,3,3,8,10,72,Summary of Quantum Numbers and Orbitals,9/17/15,10,0,7,3.5-3.7,0,59,9,,Sections 3.7,The sizes and Shapes of Atomic Orbitals,3,Atomic Structure: Explaining the Properties of the Elements,Atomic Structure,"Electron Waves, Orbitals"
11,7,84,Quiz 11,http://openanalytics-assessments.com/assessments/lti?custom_assessment_id=84,3_4_1_the_quantum_mechanical_model,https://ayamel.byu.edu/course/350/content/2215/lti,http://chempath.byu.edu/chem105/blackboardmp4videos/3_4_1bb.mp4,2215,84.574,3,4,9,1,73,The Quantum Mechanical Model of the Atom,9/17/15,10,0,7,3.5-3.7,0,60,10,,Sections 3.7,The sizes and Shapes of Atomic Orbitals,3,Atomic Structure: Explaining the Properties of the Elements,Atomic Structure,"Electron Waves, Orbitals"
11,7,84,Quiz 11,http://openanalytics-assessments.com/assessments/lti?custom_assessment_id=84,3_4_2_finding_electrons,https://ayamel.byu.edu/course/350/content/2216/lti,http://chempath.byu.edu/chem105/blackboardmp4videos/3_4_2bb.mp4,2216,140.997,3,4,9,2,74,orbital electron density,9/17/15,10,0,7,3.5-3.7,0,61,11,,Sections 3.7,The sizes and Shapes of Atomic Orbitals,3,Atomic Structure: Explaining the Properties of the Elements,Atomic Structure,"Electron Waves, Orbitals"
12,8,85,Quiz 12,http://openanalytics-assessments.com/assessments/lti?custom_assessment_id=85,3_4_3_electron_spin_the_pauli_exclusion_principle,https://ayamel.byu.edu/course/350/content/2217/lti,http://chempath.byu.edu/chem105/blackboardmp4videos/3_4_3bb.mp4,2217,124.58,3,4,9,3,75,Electron Spin and the Pauli Exclusion Principle,9/19/15,11,1,8,"3.5,3.8-3.9",0,62,1,,Sections 3.8,The Periodic Table and Filling Orbitals,3,Atomic Structure: Explaining the Properties of the Elements,Atomic Structure,"Electron Configuration, Periodic Table"
12,8,85,Quiz 12,http://openanalytics-assessments.com/assessments/lti?custom_assessment_id=85,3_4_4_electron_apartments,https://ayamel.byu.edu/course/350/content/2218/lti,http://chempath.byu.edu/chem105/blackboardmp4videos/3_4_4bb.mp4,2218,138.094,3,4,9,4,76,electron apartments,9/19/15,11,0,8,"3.5,3.8-3.9",0,63,2,,Sections 3.8,The Periodic Table and Filling Orbitals,3,Atomic Structure: Explaining the Properties of the Elements,Atomic Structure,"Electron Configuration, Periodic Table"
12,8,85,Quiz 12,http://openanalytics-assessments.com/assessments/lti?custom_assessment_id=85,3_4_5_hund_s_rule,https://ayamel.byu.edu/course/350/content/2219/lti,http://chempath.byu.edu/chem105/blackboardmp4videos/3_4_5bb.mp4,2219,134.624,3,4,9,5,77,Hund's Rule,9/19/15,11,0,8,"3.5,3.8-3.9",0,64,3,,Sections 3.8,The Periodic Table and Filling Orbitals,3,Atomic Structure: Explaining the Properties of the Elements,Atomic Structure,"Electron Configuration, Periodic Table"
12,8,85,Quiz 12,http://openanalytics-assessments.com/assessments/lti?custom_assessment_id=85,3_4_6_filling_orbitals,https://ayamel.byu.edu/course/350/content/2220/lti,http://chempath.byu.edu/chem105/blackboardmp4videos/3_4_6bb.mp4,2220,152.209,3,4,9,6,78,filling orbitals,9/19/15,11,0,8,"3.5,3.8-3.9",0,65,4,,Sections 3.8,The Periodic Table and Filling Orbitals,3,Atomic Structure: Explaining the Properties of the Elements,Atomic Structure,"Electron Configuration, Periodic Table"
12,8,85,Quiz 12,http://openanalytics-assessments.com/assessments/lti?custom_assessment_id=85,3_4_7_trendbreakers,https://ayamel.byu.edu/course/350/content/2221/lti,http://chempath.byu.edu/chem105/blackboardmp4videos/3_4_7bb.mp4,2221,78.602,3,4,9,7,79,Trend Breakers,9/19/15,11,0,8,"3.5,3.8-3.9",0,66,5,,Sections 3.8,The Periodic Table and Filling Orbitals,3,Atomic Structure: Explaining the Properties of the Elements,Atomic Structure,"Electron Configuration, Periodic Table"
12,8,85,Quiz 12,http://openanalytics-assessments.com/assessments/lti?custom_assessment_id=85,3_4_8_electron_configuration,https://ayamel.byu.edu/course/350/content/2222/lti,http://chempath.byu.edu/chem105/blackboardmp4videos/3_4_8bb.mp4,2222,223.512,3,4,9,8,80,electron configuration,9/19/15,11,0,8,"3.5,3.8-3.9",0,67,6,,Sections 3.9,Electron Configurations ,3,Atomic Structure: Explaining the Properties of the Elements,Atomic Structure,"Electron Configuration, Periodic Table"
12,8,85,Quiz 12,http://openanalytics-assessments.com/assessments/lti?custom_assessment_id=85,3_4_10_periodic_placement,https://ayamel.byu.edu/course/350/content/2224/lti,http://chempath.byu.edu/chem105/blackboardmp4videos/3_4_10bb.mp4,2224,94.617,3,4,9,10,82,periodic placement I,9/19/15,11,0,8,"3.5,3.8-3.9",0,68,7,,Sections 3.8,The Periodic Table and Filling Orbitals,3,Atomic Structure: Explaining the Properties of the Elements,Atomic Structure,"Electron Configuration, Periodic Table"
12,8,85,Quiz 12,http://openanalytics-assessments.com/assessments/lti?custom_assessment_id=85,3_4_11_periodic_placement_ii,https://ayamel.byu.edu/course/350/content/2225/lti,http://chempath.byu.edu/chem105/blackboardmp4videos/3_4_11bb.mp4,2225,114.804,3,4,9,11,83,periodic placement ii,9/19/15,11,0,8,"3.5,3.8-3.9",0,69,8,,Sections 3.8,The Periodic Table and Filling Orbitals,3,Atomic Structure: Explaining the Properties of the Elements,Atomic Structure,"Electron Configuration, Periodic Table"
12,8,85,Quiz 12,http://openanalytics-assessments.com/assessments/lti?custom_assessment_id=85,3_5_4_valence_electrons,https://ayamel.byu.edu/course/350/content/2229/lti,http://chempath.byu.edu/chem105/blackboardmp4videos/3_5_4bb.mp4,2229,116.807,3,5,10,4,87,valence electrons,9/19/15,11,0,8,"3.5,3.8-3.9",0,70,9,,Sections 3.8,The Periodic Table and Filling Orbitals,3,Atomic Structure: Explaining the Properties of the Elements,Atomic Structure,"Electron Configuration, Periodic Table"
12,8,85,Quiz 12,http://openanalytics-assessments.com/assessments/lti?custom_assessment_id=85,3_5_5_effective_nuclear_charge,https://ayamel.byu.edu/course/350/content/2230/lti,http://chempath.byu.edu/chem105/blackboardmp4videos/3_5_5bb.mp4,2230,152.475,3,5,10,5,88,Effective Nuclear charge or Zeff,9/19/15,11,0,8,"3.5,3.8-3.9",0,71,10,,Sections 3.8,The Periodic Table and Filling Orbitals,3,Atomic Structure: Explaining the Properties of the Elements,Atomic Structure,"Electron Configuration, Periodic Table"
13,9,86,Quiz 13,http://openanalytics-assessments.com/assessments/lti?custom_assessment_id=86,3_5_1_atomic_radii,https://ayamel.byu.edu/course/350/content/2226/lti,http://chempath.byu.edu/chem105/blackboardmp4videos/3_5_1bb.mp4,2226,106.129,3,5,10,1,84,atomic radii,9/22/15,12,1,9,3.8-3.12,0,72,1,,Sections 3.10,The Sizes of Atoms and Ions,3,Atomic Structure: Explaining the Properties of the Elements,Atomic Structure,Periodic Trends
13,9,86,Quiz 13,http://openanalytics-assessments.com/assessments/lti?custom_assessment_id=86,3_5_2_ionization_energy_cations,https://ayamel.byu.edu/course/350/content/2227/lti,http://chempath.byu.edu/chem105/blackboardmp4videos/3_5_2bb.mp4,2227,190.514,3,5,10,2,85,ionization energy and cations,9/22/15,12,0,9,3.8-3.12,0,73,2,,Sections 3.11,Ionizations Energies,3,Atomic Structure: Explaining the Properties of the Elements,Atomic Structure,Periodic Trends
13,9,86,Quiz 13,http://openanalytics-assessments.com/assessments/lti?custom_assessment_id=86,3_5_3_electron_affinity_anions,https://ayamel.byu.edu/course/350/content/2228/lti,http://chempath.byu.edu/chem105/blackboardmp4videos/3_5_3bb.mp4,2228,141.13,3,5,10,3,86,electron affinity and anions,9/22/15,12,0,9,3.8-3.12,0,74,3,,Sections 3.12,Electron Affinities,3,Atomic Structure: Explaining the Properties of the Elements,Atomic Structure,Periodic Trends
13,9,86,Quiz 13,http://openanalytics-assessments.com/assessments/lti?custom_assessment_id=86,3_5_6_atomic_radii_in_light_of_zeff,https://ayamel.byu.edu/course/350/content/2231/lti,http://chempath.byu.edu/chem105/blackboardmp4videos/3_5_6bb.mp4,2231,239.462,3,5,10,6,89,Atomic Radii and Zeff,9/22/15,12,0,9,3.8-3.12,0,75,4,,Sections 3.10,The Sizes of Atoms and Ions,3,Atomic Structure: Explaining the Properties of the Elements,Atomic Structure,Periodic Trends
14,10,87,Quiz 14,http://openanalytics-assessments.com/assessments/lti?custom_assessment_id=87,4_1_1_chemical_bonds,https://ayamel.byu.edu/course/350/content/2232/lti,http://chempath.byu.edu/chem105/blackboardmp4videos/4_1_1bb.mp4,2232,63.285,4,1,11,1,90,chemical bonds,9/26/15,13,1,11,4.1-4.3,0,76,1,,Sections 4.1,Chemical Bonds,4,Chemical Bonding: Understanding Climate Change,Chemical Bonding,"Ionic Compounds, Octet Rule, Naming"
14,10,87,Quiz 14,http://openanalytics-assessments.com/assessments/lti?custom_assessment_id=87,4_1_6_lewis_structures,https://ayamel.byu.edu/course/350/content/2237/lti,http://chempath.byu.edu/chem105/blackboardmp4videos/4_1_6bb.mp4,2237,100.824,4,1,11,6,95,lewis structures,9/26/15,13,0,11,4.1-4.3,0,77,2,,Sections 4.3,Lewis Symbols and Structures,4,Chemical Bonding: Understanding Climate Change,Chemical Bonding,"Ionic Compounds, Octet Rule, Naming"
14,10,87,Quiz 14,http://openanalytics-assessments.com/assessments/lti?custom_assessment_id=87,4_1_7_the_lewis_structure_of_ch4,https://ayamel.byu.edu/course/350/content/2238/lti,http://chempath.byu.edu/chem105/blackboardmp4videos/4_1_7bb.mp4,2238,76.565,4,1,11,7,96,Lewis Structure of Methane,9/26/15,13,0,11,4.1-4.3,0,78,3,,Sections 4.3,Lewis Symbols and Structures,4,Chemical Bonding: Understanding Climate Change,Chemical Bonding,"Ionic Compounds, Octet Rule, Naming"
14,10,87,Quiz 14,http://openanalytics-assessments.com/assessments/lti?custom_assessment_id=87,4_5_4_naming_simple_covalent_compounds,https://ayamel.byu.edu/course/350/content/2264/lti,http://chempath.byu.edu/chem105/blackboardmp4videos/4_5_4bb.mp4,2264,237.994,4,5,15,4,122,naming simple covalent compounds,9/26/15,13,0,11,4.1-4.3,0,79,4,,Sections 4.2,Naming and Writing Formulas,4,Chemical Bonding: Understanding Climate Change,Chemical Bonding,"Ionic Compounds, Octet Rule, Naming"
14,10,87,Quiz 14,http://openanalytics-assessments.com/assessments/lti?custom_assessment_id=87,4_5_5_naming_polyatomic_ions_i_oxyanions,https://ayamel.byu.edu/course/350/content/2265/lti,http://chempath.byu.edu/chem105/blackboardmp4videos/4_5_5bb.mp4,2265,203.459,4,5,15,5,123,naming polyatomic ions i,9/26/15,13,0,11,4.1-4.3,0,80,5,,Sections 4.2,Naming and Writing Formulas,4,Chemical Bonding: Understanding Climate Change,Chemical Bonding,"Ionic Compounds, Octet Rule, Naming"
14,10,87,Quiz 14,http://openanalytics-assessments.com/assessments/lti?custom_assessment_id=87,4_5_6_naming_polyatomic_ions_ii,https://ayamel.byu.edu/course/350/content/2266/lti,http://chempath.byu.edu/chem105/blackboardmp4videos/4_5_6bb.mp4,2266,123.547,4,5,15,6,124,naming polyatomic ions ii,9/26/15,13,0,11,4.1-4.3,0,81,6,,Sections 4.2,Naming and Writing Formulas,4,Chemical Bonding: Understanding Climate Change,Chemical Bonding,"Ionic Compounds, Octet Rule, Naming"
14,10,87,Quiz 14,http://openanalytics-assessments.com/assessments/lti?custom_assessment_id=87,5_1_3_ionic_bonding_in_nacl,https://ayamel.byu.edu/course/350/content/2272/lti,http://chempath.byu.edu/chem105/blackboardmp4videos/5_1_3bb.mp4,2272,127.45,5,1,16,3,130,ionic bonding in nacl,9/26/15,13,0,11,4.1-4.3,0,82,7,,Sections 4.1,Chemical Bonds,4,Chemical Bonding: Understanding Climate Change,Chemical Bonding,"Ionic Compounds, Octet Rule, Naming"
14,10,87,Quiz 14,http://openanalytics-assessments.com/assessments/lti?custom_assessment_id=87,5_1_4_ionic_bonds_as_extremely_polar_covalent_bonds,https://ayamel.byu.edu/course/350/content/2273/lti,http://chempath.byu.edu/chem105/blackboardmp4videos/5_1_4bb.mp4,2273,109.365,5,1,16,4,131,ionic bonds as extremely polar covalent bonds,9/26/15,13,0,11,4.1-4.3,0,83,8,,Sections 4.1,Chemical Bonds,4,Chemical Bonding: Understanding Climate Change,Chemical Bonding,"Ionic Compounds, Octet Rule, Naming"
14,10,87,Quiz 14,http://openanalytics-assessments.com/assessments/lti?custom_assessment_id=87,5_1_5_predicting_ionic_bond_character,https://ayamel.byu.edu/course/350/content/2274/lti,http://chempath.byu.edu/chem105/blackboardmp4videos/5_1_5bb.mp4,2274,230.42,5,1,16,5,132,Predicting Ionic Character,9/26/15,13,0,11,4.1-4.3,0,84,9,,Sections 4.1,Chemical Bonds,4,Chemical Bonding: Understanding Climate Change,Chemical Bonding,"Ionic Compounds, Octet Rule, Naming"
14,10,87,Quiz 14,http://openanalytics-assessments.com/assessments/lti?custom_assessment_id=87,5_2_1_predicting_the_formulas_of_main_group_ionic_compounds,https://ayamel.byu.edu/course/350/content/2275/lti,http://chempath.byu.edu/chem105/blackboardmp4videos/5_2_1bb.mp4,2275,242.132,5,2,17,1,133,predicting the formulas of main group ionic compounds,9/26/15,13,0,11,4.1-4.3,0,85,10,,Sections 4.2,Naming and Writing Formulas,4,Chemical Bonding: Understanding Climate Change,Chemical Bonding,"Ionic Compounds, Octet Rule, Naming"
14,10,87,Quiz 14,http://openanalytics-assessments.com/assessments/lti?custom_assessment_id=87,5_2_2_predicting_the_formulas_of_main_group_ionic_compounds_ii,https://ayamel.byu.edu/course/350/content/2276/lti,http://chempath.byu.edu/chem105/blackboardmp4videos/5_2_2bb.mp4,2276,135.325,5,2,17,2,134,predicting the formulas of main group ionic compounds ii,9/26/15,13,0,11,4.1-4.3,0,86,11,,Sections 4.2,Naming and Writing Formulas,4,Chemical Bonding: Understanding Climate Change,Chemical Bonding,"Ionic Compounds, Octet Rule, Naming"
14,10,87,Quiz 14,http://openanalytics-assessments.com/assessments/lti?custom_assessment_id=87,5_2_3_predicting_the_formulas_of_other_ionic_compounds,https://ayamel.byu.edu/course/350/content/2277/lti,http://chempath.byu.edu/chem105/blackboardmp4videos/5_2_3bb.mp4,2277,150.24,5,2,17,3,135,predicting the formulas of other ionic compounds,9/26/15,13,0,11,4.1-4.3,0,87,12,,Sections 4.2,Naming and Writing Formulas,4,Chemical Bonding: Understanding Climate Change,Chemical Bonding,"Ionic Compounds, Octet Rule, Naming"
14,10,87,Quiz 14,http://openanalytics-assessments.com/assessments/lti?custom_assessment_id=87,5_2_4_predicting_ion_charges_in_ionic_compounds,https://ayamel.byu.edu/course/350/content/2278/lti,http://chempath.byu.edu/chem105/blackboardmp4videos/5_2_4bb.mp4,2278,132.155,5,2,17,4,136,predicting ion charges in ionic compounds,9/26/15,13,0,11,4.1-4.3,0,88,13,,Sections 4.2,Naming and Writing Formulas,4,Chemical Bonding: Understanding Climate Change,Chemical Bonding,"Ionic Compounds, Octet Rule, Naming"
14,10,87,Quiz 14,http://openanalytics-assessments.com/assessments/lti?custom_assessment_id=87,5_2_5_naming_ionic_compounds,https://ayamel.byu.edu/course/350/content/2279/lti,http://chempath.byu.edu/chem105/blackboardmp4videos/5_2_5bb.mp4,2279,168.625,5,2,17,5,137,naming ionic compounds,9/26/15,13,0,11,4.1-4.3,0,89,14,,Sections 4.2,Naming and Writing Formulas,4,Chemical Bonding: Understanding Climate Change,Chemical Bonding,"Ionic Compounds, Octet Rule, Naming"
14,10,87,Quiz 14,http://openanalytics-assessments.com/assessments/lti?custom_assessment_id=87,9_1_7_acid_nomenclature,https://ayamel.byu.edu/course/350/content/2338/lti,http://chempath.byu.edu/chem105/blackboardmp4videos/9_1_7bb.mp4,2338,133.055,9,1,27,7,196,acid nomenclature,9/26/15,13,0,11,4.1-4.3,0,90,15,,Sections 4.2,Naming and Writing Formulas,4,Chemical Bonding: Understanding Climate Change,Chemical Bonding,"Ionic Compounds, Octet Rule, Naming"
15,,,Quiz 15,,4_3_1_electronegativity,https://ayamel.byu.edu/course/350/content/2248/lti,http://chempath.byu.edu/chem105/blackboardmp4videos/4_3_1bb.mp4,2248,172.695,4,3,13,1,106,electronegativity,9/29/15,14,1,12,4.1-4.4,0,91,1,,Sections 4.4,Electronegativity: Unequal Sharing and Polar Bonds,4,Chemical Bonding: Understanding Climate Change,Chemical Bonding,
16,11,88,Quiz 16,http://openanalytics-assessments.com/assessments/lti?custom_assessment_id=88,4_4_1_formal_charge_i,https://ayamel.byu.edu/course/350/content/2255/lti,http://chempath.byu.edu/chem105/blackboardmp4videos/4_4_1bb.mp4,2255,102.059,4,4,14,1,113,formal charge i,10/1/15,15,1,13,4.6-4.9,0,92,1,,Sections 4.7,Formal Charge: Choosing among Lewis Structures,4,Chemical Bonding: Understanding Climate Change,Chemical Bonding,Advanced Lewis Structures
16,11,88,Quiz 16,http://openanalytics-assessments.com/assessments/lti?custom_assessment_id=88,4_4_2_formal_charge_ii,https://ayamel.byu.edu/course/350/content/2256/lti,http://chempath.byu.edu/chem105/blackboardmp4videos/4_4_2bb.mp4,2256,142.699,4,4,14,2,114,formal charge ii,10/1/15,15,0,13,4.6-4.9,0,93,2,,Sections 4.7,Formal Charge: Choosing among Lewis Structures,4,Chemical Bonding: Understanding Climate Change,Chemical Bonding,Advanced Lewis Structures
16,11,88,Quiz 16,http://openanalytics-assessments.com/assessments/lti?custom_assessment_id=88,4_4_3_the_lewis_structure_of_ozone,https://ayamel.byu.edu/course/350/content/2257/lti,http://chempath.byu.edu/chem105/blackboardmp4videos/4_4_3bb.mp4,2257,161.217,4,4,14,3,115,Lewis Structure of Ozone,10/1/15,15,0,13,4.6-4.9,0,94,3,,Sections 4.7,Formal Charge: Choosing among Lewis Structures,4,Chemical Bonding: Understanding Climate Change,Chemical Bonding,Advanced Lewis Structures
16,11,88,Quiz 16,http://openanalytics-assessments.com/assessments/lti?custom_assessment_id=88,4_4_4_resonance,https://ayamel.byu.edu/course/350/content/2258/lti,http://chempath.byu.edu/chem105/blackboardmp4videos/4_4_4bb.mp4,2258,136.259,4,4,14,4,116,resonance,10/1/15,15,0,13,4.6-4.9,0,95,4,,Sections 4.6,Resonance,4,Chemical Bonding: Understanding Climate Change,Chemical Bonding,Advanced Lewis Structures
16,11,88,Quiz 16,http://openanalytics-assessments.com/assessments/lti?custom_assessment_id=88,4_4_5_bond_order,https://ayamel.byu.edu/course/350/content/2259/lti,http://chempath.byu.edu/chem105/blackboardmp4videos/4_4_5bb.mp4,2259,55.579,4,4,14,5,117,bond order,10/1/15,15,0,13,4.6-4.9,0,96,5,,Sections 4.9,The Lengths and Strengths of Covalent Bonds,4,Chemical Bonding: Understanding Climate Change,Chemical Bonding,Advanced Lewis Structures
17,12,89,Quiz 17,http://openanalytics-assessments.com/assessments/lti?custom_assessment_id=89,4_1_9_shape_vsepr,https://ayamel.byu.edu/course/350/content/2240/lti,http://chempath.byu.edu/chem105/blackboardmp4videos/4_1_9bb.mp4,2240,251.074,4,1,11,9,98,Shape and VSEPR,10/3/15,16,1,14,5.1-5.3,0,97,1,,Sections 5.2,Valence-Shell Electron-Pair Repulsion Theory (VSEPR),5,Bonding Theories: Explaining Molecular Geometry,Bonding Theories,Molecular Shape
17,12,89,Quiz 17,http://openanalytics-assessments.com/assessments/lti?custom_assessment_id=89,4_5_7_bond_polarity,https://ayamel.byu.edu/course/350/content/2267/lti,http://chempath.byu.edu/chem105/blackboardmp4videos/4_5_7bb.mp4,2267,104.66,4,5,15,7,125,bond polarity,10/3/15,16,0,14,5.1-5.3,0,98,2,,Sections 5.3,Polar Bonds and Polar Molecules,5,Bonding Theories: Explaining Molecular Geometry,Bonding Theories,Molecular Shape
17,12,89,Quiz 17,http://openanalytics-assessments.com/assessments/lti?custom_assessment_id=89,4_5_8_molecular_polarity,https://ayamel.byu.edu/course/350/content/2268/lti,http://chempath.byu.edu/chem105/blackboardmp4videos/4_5_8bb.mp4,2268,149.105,4,5,15,8,126,molecular polarity,10/3/15,16,0,14,5.1-5.3,0,99,3,,Sections 5.3,Polar Bonds and Polar Molecules,5,Bonding Theories: Explaining Molecular Geometry,Bonding Theories,Molecular Shape
18,13,90,Quiz 18,http://openanalytics-assessments.com/assessments/lti?custom_assessment_id=90,4_1_5_valence_bond_theory,https://ayamel.byu.edu/course/350/content/2236/lti,http://chempath.byu.edu/chem105/blackboardmp4videos/4_1_5bb.mp4,2236,80.069,4,1,11,5,94,valence bond theory,10/6/15,17,1,15,5.4-5.5,0,100,1,,Sections 5.4,Valence Bond Theory and Hybrid Orbitals,5,Bonding Theories: Explaining Molecular Geometry,Bonding Theories,Valence Bond Theory
18,13,90,Quiz 18,http://openanalytics-assessments.com/assessments/lti?custom_assessment_id=90,4_1_8_orbital_hybridization,https://ayamel.byu.edu/course/350/content/2239/lti,http://chempath.byu.edu/chem105/blackboardmp4videos/4_1_8bb.mp4,2239,214.404,4,1,11,8,97,orbital hybridization,10/6/15,17,0,15,5.4-5.5,0,101,2,,Sections 5.4,Valence Bond Theory and Hybrid Orbitals,5,Bonding Theories: Explaining Molecular Geometry,Bonding Theories,Valence Bond Theory
18,13,90,Quiz 18,http://openanalytics-assessments.com/assessments/lti?custom_assessment_id=90,4_2_1_predicting_bonding,https://ayamel.byu.edu/course/350/content/2241/lti,http://chempath.byu.edu/chem105/blackboardmp4videos/4_2_1bb.mp4,2241,181.737,4,2,12,1,99,predicting bonding,10/6/15,17,0,15,5.4-5.5,0,102,3,,Sections 5.4,Valence Bond Theory and Hybrid Orbitals,5,Bonding Theories: Explaining Molecular Geometry,Bonding Theories,Valence Bond Theory
18,13,90,Quiz 18,http://openanalytics-assessments.com/assessments/lti?custom_assessment_id=90,4_2_2_molecular_shapes_i,https://ayamel.byu.edu/course/350/content/2242/lti,http://chempath.byu.edu/chem105/blackboardmp4videos/4_2_2bb.mp4,2242,194.684,4,2,12,2,100,molecular shapes i,10/6/15,17,0,15,5.4-5.5,0,103,4,,Sections 5.4,Valence Bond Theory and Hybrid Orbitals,5,Bonding Theories: Explaining Molecular Geometry,Bonding Theories,Valence Bond Theory
18,13,90,Quiz 18,http://openanalytics-assessments.com/assessments/lti?custom_assessment_id=90,4_2_3_molecular_shapes_ii,https://ayamel.byu.edu/course/350/content/2243/lti,http://chempath.byu.edu/chem105/blackboardmp4videos/4_2_3bb.mp4,2243,64.287,4,2,12,3,101,molecular shapes ii,10/6/15,17,0,15,5.4-5.5,0,104,5,,Sections 5.4,Valence Bond Theory and Hybrid Orbitals,5,Bonding Theories: Explaining Molecular Geometry,Bonding Theories,Valence Bond Theory
18,13,90,Quiz 18,http://openanalytics-assessments.com/assessments/lti?custom_assessment_id=90,4_2_4_diatomic_fluorine,https://ayamel.byu.edu/course/350/content/2244/lti,http://chempath.byu.edu/chem105/blackboardmp4videos/4_2_4bb.mp4,2244,51.04,4,2,12,4,102,diatomic fluorine,10/6/15,17,0,15,5.4-5.5,0,105,6,,Sections 5.4,Valence Bond Theory and Hybrid Orbitals,5,Bonding Theories: Explaining Molecular Geometry,Bonding Theories,Valence Bond Theory
18,13,90,Quiz 18,http://openanalytics-assessments.com/assessments/lti?custom_assessment_id=90,4_2_5_diatomic_oxygen_the_covalent_double_bond,https://ayamel.byu.edu/course/350/content/2245/lti,http://chempath.byu.edu/chem105/blackboardmp4videos/4_2_5bb.mp4,2245,219.209,4,2,12,5,103,diatomic oxygen and the covalent double bond,10/6/15,17,0,15,5.4-5.5,0,106,7,,Sections 5.4,Valence Bond Theory and Hybrid Orbitals,5,Bonding Theories: Explaining Molecular Geometry,Bonding Theories,Valence Bond Theory
18,13,90,Quiz 18,http://openanalytics-assessments.com/assessments/lti?custom_assessment_id=90,4_2_6_sigma_pi_bonds,https://ayamel.byu.edu/course/350/content/2246/lti,http://chempath.byu.edu/chem105/blackboardmp4videos/4_2_6bb.mp4,2246,50.374,4,2,12,6,104,sigma and pi bonds,10/6/15,17,0,15,5.4-5.5,0,107,8,,Sections 5.4,Valence Bond Theory and Hybrid Orbitals,5,Bonding Theories: Explaining Molecular Geometry,Bonding Theories,Valence Bond Theory
18,13,90,Quiz 18,http://openanalytics-assessments.com/assessments/lti?custom_assessment_id=90,4_2_7_diatomic_nitrogen_the_covalent_triple_bond,https://ayamel.byu.edu/course/350/content/2247/lti,http://chempath.byu.edu/chem105/blackboardmp4videos/4_2_7bb.mp4,2247,177.067,4,2,12,7,105,diatomic nitrogen and the covalent triple bond,10/6/15,17,0,15,5.4-5.5,0,108,9,,Sections 5.4,Valence Bond Theory and Hybrid Orbitals,5,Bonding Theories: Explaining Molecular Geometry,Bonding Theories,Valence Bond Theory
18,13,90,Quiz 18,http://openanalytics-assessments.com/assessments/lti?custom_assessment_id=90,4_3_2_lewis_structure_of_pcl5,https://ayamel.byu.edu/course/350/content/2249/lti,http://chempath.byu.edu/chem105/blackboardmp4videos/4_3_2bb.mp4,2249,123.78,4,3,13,2,107,lewis structure of pcl5,10/6/15,17,0,15,5.4-5.5,0,109,10,,Sections 5.4,Valence Bond Theory and Hybrid Orbitals,5,Bonding Theories: Explaining Molecular Geometry,Bonding Theories,Valence Bond Theory
18,13,90,Quiz 18,http://openanalytics-assessments.com/assessments/lti?custom_assessment_id=90,4_3_3_pcl5_trigonal_bipyramidal_geometry,https://ayamel.byu.edu/course/350/content/2250/lti,http://chempath.byu.edu/chem105/blackboardmp4videos/4_3_3bb.mp4,2250,138.929,4,3,13,3,108,pcl5 and trigonal bipyramidal geometry,10/6/15,17,0,15,5.4-5.5,0,110,11,,Sections 5.4,Valence Bond Theory and Hybrid Orbitals,5,Bonding Theories: Explaining Molecular Geometry,Bonding Theories,Valence Bond Theory
18,13,90,Quiz 18,http://openanalytics-assessments.com/assessments/lti?custom_assessment_id=90,4_3_4_sf4_seesaw_shape,https://ayamel.byu.edu/course/350/content/2251/lti,http://chempath.byu.edu/chem105/blackboardmp4videos/4_3_4bb.mp4,2251,190.079,4,3,13,4,109,sf4 and seesaw shape,10/6/15,17,0,15,5.4-5.5,0,111,12,,Sections 5.4,Valence Bond Theory and Hybrid Orbitals,5,Bonding Theories: Explaining Molecular Geometry,Bonding Theories,Valence Bond Theory
18,13,90,Quiz 18,http://openanalytics-assessments.com/assessments/lti?custom_assessment_id=90,4_3_5_sf6_octahedral_geometry,https://ayamel.byu.edu/course/350/content/2252/lti,http://chempath.byu.edu/chem105/blackboardmp4videos/4_3_5bb.mp4,2252,140.564,4,3,13,5,110,SF6 and Octahedral Shape,10/6/15,17,0,15,5.4-5.5,0,112,13,,Sections 5.4,Valence Bond Theory and Hybrid Orbitals,5,Bonding Theories: Explaining Molecular Geometry,Bonding Theories,Valence Bond Theory
18,13,90,Quiz 18,http://openanalytics-assessments.com/assessments/lti?custom_assessment_id=90,4_3_6_other_shapes,https://ayamel.byu.edu/course/350/content/2253/lti,http://chempath.byu.edu/chem105/blackboardmp4videos/4_3_6bb.mp4,2253,66.622,4,3,13,6,111,Additional Shapes,10/6/15,17,0,15,5.4-5.5,0,113,14,,Sections 5.4,Valence Bond Theory and Hybrid Orbitals,5,Bonding Theories: Explaining Molecular Geometry,Bonding Theories,Valence Bond Theory
18,13,90,Quiz 18,http://openanalytics-assessments.com/assessments/lti?custom_assessment_id=90,4_3_7_predicting_molecular_orbitals_shapes,https://ayamel.byu.edu/course/350/content/2254/lti,http://chempath.byu.edu/chem105/blackboardmp4videos/4_3_7bb.mp4,2254,82.139,4,3,13,7,112,Predicting Molecular Shapes,10/6/15,17,0,15,5.4-5.5,0,114,15,,Sections 5.4,Valence Bond Theory and Hybrid Orbitals,5,Bonding Theories: Explaining Molecular Geometry,Bonding Theories,Valence Bond Theory
18,13,90,Quiz 18,http://openanalytics-assessments.com/assessments/lti?custom_assessment_id=90,4_4_6_lewis_structure_strategies,https://ayamel.byu.edu/course/350/content/2260/lti,http://chempath.byu.edu/chem105/blackboardmp4videos/4_4_6bb.mp4,2260,202.459,4,4,14,6,118,lewis structure strategies,10/6/15,17,0,15,5.4-5.5,0,115,16,,Sections 5.4,Valence Bond Theory and Hybrid Orbitals,5,Bonding Theories: Explaining Molecular Geometry,Bonding Theories,Valence Bond Theory
18,13,90,Quiz 18,http://openanalytics-assessments.com/assessments/lti?custom_assessment_id=90,4_5_1_the_lewis_structure_of_no3_,https://ayamel.byu.edu/course/350/content/2261/lti,http://chempath.byu.edu/chem105/blackboardmp4videos/4_5_1bb.mp4,2261,213.235,4,5,15,1,119,Lewis Structure of NO3_,10/6/15,17,0,15,5.4-5.5,0,116,17,,Sections 5.4,Valence Bond Theory and Hybrid Orbitals,5,Bonding Theories: Explaining Molecular Geometry,Bonding Theories,Valence Bond Theory
18,13,90,Quiz 18,http://openanalytics-assessments.com/assessments/lti?custom_assessment_id=90,4_5_2_the_lewis_structure_of_so42_,https://ayamel.byu.edu/course/350/content/2262/lti,http://chempath.byu.edu/chem105/blackboardmp4videos/4_5_2bb.mp4,2262,198.855,4,5,15,2,120,Lewis Structure of SO42_,10/6/15,17,0,15,5.4-5.5,0,117,18,,Sections 5.4,Valence Bond Theory and Hybrid Orbitals,5,Bonding Theories: Explaining Molecular Geometry,Bonding Theories,Valence Bond Theory
18,13,90,Quiz 18,http://openanalytics-assessments.com/assessments/lti?custom_assessment_id=90,4_5_3_the_lewis_structure_of_po33_,https://ayamel.byu.edu/course/350/content/2263/lti,http://chempath.byu.edu/chem105/blackboardmp4videos/4_5_3bb.mp4,2263,182.539,4,5,15,3,121,Lewis Structure of PO43_,10/6/15,17,0,15,5.4-5.5,0,118,19,,Sections 5.4,Valence Bond Theory and Hybrid Orbitals,5,Bonding Theories: Explaining Molecular Geometry,Bonding Theories,Valence Bond Theory
18,13,90,Quiz 18,http://openanalytics-assessments.com/assessments/lti?custom_assessment_id=90,4_5_9_the_grand_overview_pocl3,https://ayamel.byu.edu/course/350/content/2269/lti,http://chempath.byu.edu/chem105/blackboardmp4videos/4_5_9bb.mp4,2269,206.93,4,5,15,9,127,Lewis Structure of POCl3,10/6/15,17,0,15,5.4-5.5,0,119,20,,Sections 5.4,Valence Bond Theory and Hybrid Orbitals,5,Bonding Theories: Explaining Molecular Geometry,Bonding Theories,Valence Bond Theory
19,14,91,Quiz 19,http://openanalytics-assessments.com/assessments/lti?custom_assessment_id=91,3_4_9_paramagnetism,https://ayamel.byu.edu/course/350/content/2223/lti,http://chempath.byu.edu/chem105/blackboardmp4videos/3_4_9bb.mp4,2223,126.315,3,4,9,9,81,paramagnetism,10/10/15,18,1,17,"5.7,18.1-18.2",0,120,1,,Sections 5.7,Molecular Orbital Theory,5,Bonding Theories: Explaining Molecular Geometry,Bonding Theories,Molecular Orbitals
19,14,91,Quiz 19,http://openanalytics-assessments.com/assessments/lti?custom_assessment_id=91,4_1_2_bond_formation_in_h2,https://ayamel.byu.edu/course/350/content/2233/lti,http://chempath.byu.edu/chem105/blackboardmp4videos/4_1_2bb.mp4,2233,143.465,4,1,11,2,91,bond formation in h2,10/10/15,18,0,17,"5.7,18.1-18.2",0,121,2,,Sections 5.7,Molecular Orbital Theory,5,Bonding Theories: Explaining Molecular Geometry,Bonding Theories,Molecular Orbitals
19,14,91,Quiz 19,http://openanalytics-assessments.com/assessments/lti?custom_assessment_id=91,4_1_3_covalent_bonds,https://ayamel.byu.edu/course/350/content/2234/lti,http://chempath.byu.edu/chem105/blackboardmp4videos/4_1_3bb.mp4,2234,99.522,4,1,11,3,92,covalent bonds,10/10/15,18,0,17,"5.7,18.1-18.2",0,122,3,,Sections 5.7,Molecular Orbital Theory,5,Bonding Theories: Explaining Molecular Geometry,Bonding Theories,Molecular Orbitals
19,14,91,Quiz 19,http://openanalytics-assessments.com/assessments/lti?custom_assessment_id=91,4_1_4_molecular_orbitals_of_h2,https://ayamel.byu.edu/course/350/content/2235/lti,http://chempath.byu.edu/chem105/blackboardmp4videos/4_1_4bb.mp4,2235,122.712,4,1,11,4,93,Molecular Orbital of H2,10/10/15,18,0,17,"5.7,18.1-18.2",0,123,4,,Sections 5.7,Molecular Orbital Theory,5,Bonding Theories: Explaining Molecular Geometry,Bonding Theories,Molecular Orbitals
20,15,92,Quiz 20,http://openanalytics-assessments.com/assessments/lti?custom_assessment_id=92,7_1_2_dipole_dipole_interactions,https://ayamel.byu.edu/course/350/content/2293/lti,http://chempath.byu.edu/chem105/blackboardmp4videos/7_1_2bb.mp4,2293,122.179,7,1,20,2,151,dipole-dipole interactions,10/13/15,19,1,18,6.1-6.2,0,125,2,,Sections 6.2,Interactions involving Polar Molecules,6,Intermolecular Forces: Attractions between Particles,Intermolecular Forces,Intermolecular Forces
20,15,92,Quiz 20,http://openanalytics-assessments.com/assessments/lti?custom_assessment_id=92,7_1_3_hydrogen_bonding,https://ayamel.byu.edu/course/350/content/2294/lti,http://chempath.byu.edu/chem105/blackboardmp4videos/7_1_3bb.mp4,2294,98.187,7,1,20,3,152,hydrogen bonding,10/13/15,19,0,18,6.1-6.2,0,126,3,,Sections 6.2,Interactions involving Polar Molecules,6,Intermolecular Forces: Attractions between Particles,Intermolecular Forces,Intermolecular Forces
20,15,92,Quiz 20,http://openanalytics-assessments.com/assessments/lti?custom_assessment_id=92,7_1_4_ion_dipole_interactions,https://ayamel.byu.edu/course/350/content/2295/lti,http://chempath.byu.edu/chem105/blackboardmp4videos/7_1_4bb.mp4,2295,62.885,7,1,20,4,153,ion-dipole interactions,10/13/15,19,0,18,6.1-6.2,0,127,4,,Sections 6.2,Interactions involving Polar Molecules,6,Intermolecular Forces: Attractions between Particles,Intermolecular Forces,Intermolecular Forces
20,15,92,Quiz 20,http://openanalytics-assessments.com/assessments/lti?custom_assessment_id=92,7_1_5_london_dispersion_forces,https://ayamel.byu.edu/course/350/content/2296/lti,http://chempath.byu.edu/chem105/blackboardmp4videos/7_1_5bb.mp4,2296,113.035,7,1,20,5,154,london dispersion forces,10/13/15,19,0,18,6.1-6.2,0,128,5,,Sections 6.1,London Dispersion Forces: Theyre Everywhere,6,Intermolecular Forces: Attractions between Particles,Intermolecular Forces,Intermolecular Forces
20,15,92,Quiz 20,http://openanalytics-assessments.com/assessments/lti?custom_assessment_id=92,7_1_6_strength_of_dispersion_forces,https://ayamel.byu.edu/course/350/content/2297/lti,http://chempath.byu.edu/chem105/blackboardmp4videos/7_1_6bb.mp4,2297,148.972,7,1,20,6,155,strength of dispersion forces,10/13/15,19,0,18,6.1-6.2,0,129,6,,Sections 6.1,London Dispersion Forces: Theyre Everywhere,6,Intermolecular Forces: Attractions between Particles,Intermolecular Forces,Intermolecular Forces
20,15,92,Quiz 20,http://openanalytics-assessments.com/assessments/lti?custom_assessment_id=92,7_1_7_reviewing_forces,https://ayamel.byu.edu/course/350/content/2298/lti,http://chempath.byu.edu/chem105/blackboardmp4videos/7_1_7bb.mp4,2298,83.474,7,1,20,7,156,Overview of Liquids and Intermolecular Forces,10/13/15,19,0,18,6.1-6.2,0,130,7,,Sections 6.2,Interactions involving Polar Molecules,6,Intermolecular Forces: Attractions between Particles,Intermolecular Forces,Intermolecular Forces
20,15,92,Quiz 20,http://openanalytics-assessments.com/assessments/lti?custom_assessment_id=92,7_2_1_overview_of_liquids,https://ayamel.byu.edu/course/350/content/2299/lti,http://chempath.byu.edu/chem105/blackboardmp4videos/7_2_1bb.mp4,2299,78.802,7,2,21,1,157,Overview of Liquids and Intermolecular Forces,10/13/15,19,0,18,6.1-6.2,0,131,8,,Sections 6.2,Interactions involving Polar Molecules,6,Intermolecular Forces: Attractions between Particles,Intermolecular Forces,Intermolecular Forces
20,15,92,Quiz 20,http://openanalytics-assessments.com/assessments/lti?custom_assessment_id=92,7_2_2_flow_and_viscosity,https://ayamel.byu.edu/course/350/content/2300/lti,http://chempath.byu.edu/chem105/blackboardmp4videos/7_2_2bb.mp4,2300,81.939,7,2,21,2,158,flow and viscosity,10/13/15,19,0,18,6.1-6.2,0,132,9,,Sections 6.2,Interactions involving Polar Molecules,6,Intermolecular Forces: Attractions between Particles,Intermolecular Forces,Intermolecular Forces
21,16,93,Quiz 21,http://openanalytics-assessments.com/assessments/lti?custom_assessment_id=93,7_2_3_cohesive_and_adhesive_forces,https://ayamel.byu.edu/course/350/content/2301/lti,http://chempath.byu.edu/chem105/blackboardmp4videos/7_2_3bb.mp4,2301,91.414,7,2,21,3,159,cohesive and adhesive forces,10/15/15,20,1,19,6.4-6.5,0,133,1,,Sections 6.5,Some Remarkable Properties of Water,6,Intermolecular Forces: Attractions between Particles,Intermolecular Forces,Applications of I.M. Forces
21,16,93,Quiz 21,http://openanalytics-assessments.com/assessments/lti?custom_assessment_id=93,7_2_4_surface_tension,https://ayamel.byu.edu/course/350/content/2302/lti,http://chempath.byu.edu/chem105/blackboardmp4videos/7_2_4bb.mp4,2302,70.594,7,2,21,4,160,surface tension,10/15/15,20,0,19,6.4-6.5,0,134,2,,Sections 6.5,Some Remarkable Properties of Water,6,Intermolecular Forces: Attractions between Particles,Intermolecular Forces,Applications of I.M. Forces
21,16,93,Quiz 21,http://openanalytics-assessments.com/assessments/lti?custom_assessment_id=93,7_2_5_meniscus_and_capillary_action,https://ayamel.byu.edu/course/350/content/2303/lti,http://chempath.byu.edu/chem105/blackboardmp4videos/7_2_5bb.mp4,2303,72.295,7,2,21,5,161,meniscus and capillary action,10/15/15,20,0,19,6.4-6.5,0,135,3,,Sections 6.5,Some Remarkable Properties of Water,6,Intermolecular Forces: Attractions between Particles,Intermolecular Forces,Applications of I.M. Forces
21,16,93,Quiz 21,http://openanalytics-assessments.com/assessments/lti?custom_assessment_id=93,7_3_1_phase_changes,https://ayamel.byu.edu/course/350/content/2304/lti,http://chempath.byu.edu/chem105/blackboardmp4videos/7_3_1bb.mp4,2304,129.285,7,3,22,1,162,phase changes,10/15/15,20,0,19,6.4-6.5,0,136,4,,Sections 6.4,Phase Diagrams,6,Intermolecular Forces: Attractions between Particles,Intermolecular Forces,Applications of I.M. Forces
21,16,93,Quiz 21,http://openanalytics-assessments.com/assessments/lti?custom_assessment_id=93,7_3_4_phase_diagrams,https://ayamel.byu.edu/course/350/content/2307/lti,http://chempath.byu.edu/chem105/blackboardmp4videos/7_3_4bb.mp4,2307,129.285,7,3,22,4,165,phase diagrams,10/15/15,20,0,19,6.4-6.5,0,137,5,,Sections 6.4,Phase Diagrams,6,Intermolecular Forces: Attractions between Particles,Intermolecular Forces,Applications of I.M. Forces
21,16,93,Quiz 21,http://openanalytics-assessments.com/assessments/lti?custom_assessment_id=93,7_3_5_two_examples_of_phase_diagrams,https://ayamel.byu.edu/course/350/content/2308/lti,http://chempath.byu.edu/chem105/blackboardmp4videos/7_3_5bb.mp4,2308,101.457,7,3,22,5,166,two examples of phase diagrams,10/15/15,20,0,19,6.4-6.5,0,138,6,,Sections 6.4,Phase Diagrams,6,Intermolecular Forces: Attractions between Particles,Intermolecular Forces,Applications of I.M. Forces
22,21,98,Quiz 22,http://openanalytics-assessments.com/assessments/lti?custom_assessment_id=98,8_3_1_enthalpy_in_reactions,https://ayamel.byu.edu/course/350/content/2468/lti,http://chempath.byu.edu/chem105/blackboardmp4videos/8_3_1bbnew.mp4,2468,122.122,8,3,,,,enthalpy in reactions,10/29/15,21,1,25,9.1-9.3,0,,,1,Section 9.3,Enthalpy and Enthalpy Changes,9,Thermochemistry: Energy Changes in Chemical Reactions,Thermochemistry,"Energy, Heat, Work, Enthalpy"
22,21,98,Quiz 22,http://openanalytics-assessments.com/assessments/lti?custom_assessment_id=98,8_1_1_introduction_to_energy_changes,https://ayamel.byu.edu/course/350/content/2312/lti,http://chempath.byu.edu/chem105/blackboardmp4videos/8_1_4bb.mp4,2312,125.282,8,1,23,1,170,introduction to energy changes,10/29/15,21,0,25,9.1-9.3,0,153,1,,Section 9.1,Energy as a Reactant or Product,9,Thermochemistry: Energy Changes in Chemical Reactions,Thermochemistry,"Energy, Heat, Work, Enthalpy"
22,21,98,Quiz 22,http://openanalytics-assessments.com/assessments/lti?custom_assessment_id=98,8_1_2_energy_in_equations,https://ayamel.byu.edu/course/350/content/2313/lti,http://chempath.byu.edu/chem105/blackboardmp4videos/8_1_5bb.mp4,2313,88.377,8,1,23,2,171,energy in equations,10/29/15,21,0,25,9.1-9.3,0,154,2,,Section 9.1,Energy as a Reactant or Product,9,Thermochemistry: Energy Changes in Chemical Reactions,Thermochemistry,"Energy, Heat, Work, Enthalpy"
23,22,100,Quiz 23,http://openanalytics-assessments.com/assessments/lti?custom_assessment_id=100,7_3_2_energy_of_phase_changes,https://ayamel.byu.edu/course/350/content/2305/lti,http://chempath.byu.edu/chem105/blackboardmp4videos/7_3_2bb.mp4,2305,177.034,7,3,22,2,163,energy of phase changes,10/31/15,22,1,26,9.4-9.5,0,155,1,,Section 9.4,Heating Curves and Heat Capacity,9,Thermochemistry: Energy Changes in Chemical Reactions,Thermochemistry,"Calorimetry, Hrxn"
23,22,100,Quiz 23,http://openanalytics-assessments.com/assessments/lti?custom_assessment_id=100,7_3_3_heating_curves,https://ayamel.byu.edu/course/350/content/2306/lti,http://chempath.byu.edu/chem105/blackboardmp4videos/7_3_3bb.mp4,2306,142.099,7,3,22,3,164,heating curves,10/31/15,22,0,26,9.4-9.5,0,156,2,,Section 9.4,Heating Curves and Heat Capacity,9,Thermochemistry: Energy Changes in Chemical Reactions,Thermochemistry,"Calorimetry, Hrxn"
23,22,100,Quiz 23,http://openanalytics-assessments.com/assessments/lti?custom_assessment_id=100,7_3_6_evaporation_condensation,https://ayamel.byu.edu/course/350/content/2309/lti,http://chempath.byu.edu/chem105/blackboardmp4videos/7_3_6bb.mp4,2309,109.399,7,3,22,6,167,evaporation and condensation,10/31/15,22,0,26,9.4-9.5,0,157,3,,Section 9.4,Heating Curves and Heat Capacity,9,Thermochemistry: Energy Changes in Chemical Reactions,Thermochemistry,"Calorimetry, Hrxn"
24,23,101,Quiz 24,http://openanalytics-assessments.com/assessments/lti?custom_assessment_id=101,8_4_1_hess's_law,https://ayamel.byu.edu/course/350/content/2469/lti,http://chempath.byu.edu/chem105/blackboardmp4videos/8_4_1bbnew.mp4,2469,342.4087,8,4,,,,Hess's Law,11/3/15,23,1,27,9.6-9.7,0,,,1,Section 9.6,Hesss Law and Standard Heats of Reaction,9,Thermochemistry: Energy Changes in Chemical Reactions,Thermochemistry,
24,23,101,Quiz 24,http://openanalytics-assessments.com/assessments/lti?custom_assessment_id=101,8_4_2_formation_reactions,https://ayamel.byu.edu/course/350/content/2470/lti,http://chempath.byu.edu/chem105/blackboardmp4videos/8_4_2bbnew.mp4,2470,91.8584,8,4,,,,formation reactions I,11/3/15,23,0,27,9.6-9.7,0,,,1,Section 9.6,Hesss Law and Standard Heats of Reaction,9,Thermochemistry: Energy Changes in Chemical Reactions,Thermochemistry,
24,23,101,Quiz 24,http://openanalytics-assessments.com/assessments/lti?custom_assessment_id=101,8_4_3_standard_state,https://ayamel.byu.edu/course/350/content/2471/lti,http://chempath.byu.edu/chem105/blackboardmp4videos/8_4_3bbnew.mp4,2471,153.887,8,4,,,,standard state II,11/3/15,23,0,27,9.6-9.7,0,,,1,Section 9.6,Hesss Law and Standard Heats of Reaction,9,Thermochemistry: Energy Changes in Chemical Reactions,Thermochemistry,
25,24,102,Quiz 25,http://openanalytics-assessments.com/assessments/lti?custom_assessment_id=102,8_5_1_introduction,https://ayamel.byu.edu/course/350/content/2474/lti,http://chempath.byu.edu/chem105/blackboardmp4videos/8_5_1bbnew.mp4,2474,170.9708,8,5,,,,Introduction to Entropy,11/7/15,24,1,29,"12.1-12.2,12.4-12.5",0,,,1,Section 12.1,Spontaneous Processes,12,Thermodynamics: Why Chemical Reactions Happen,Thermodynamics,
25,24,102,Quiz 25,http://openanalytics-assessments.com/assessments/lti?custom_assessment_id=102,8_5_2_a_closer_look_at_a_hot_drink_cooling,https://ayamel.byu.edu/course/350/content/2475/lti,http://chempath.byu.edu/chem105/blackboardmp4videos/8_5_2bbnew.mp4,2475,228.3948,8,5,,,,Hot Drink Cooling - A Spontaneous Process,11/7/15,24,0,29,"12.1-12.2,12.4-12.5",0,,,1,Section 12.1,Spontaneous Processes,12,Thermodynamics: Why Chemical Reactions Happen,Thermodynamics,
25,24,102,Quiz 25,http://openanalytics-assessments.com/assessments/lti?custom_assessment_id=102,8_5_3_mathematical_representation_of_entropy_changes,https://ayamel.byu.edu/course/350/content/2476/lti,http://chempath.byu.edu/chem105/blackboardmp4videos/8_5_3bbnew.mp4,2476,196.2961,8,5,,,,Entropy Changes (DS),11/7/15,24,0,29,"12.1-12.2,12.4-12.5",0,,,1,Section 12.4,Application of the Second Law,12,Thermodynamics: Why Chemical Reactions Happen,Thermodynamics,
25,24,102,Quiz 25,http://openanalytics-assessments.com/assessments/lti?custom_assessment_id=102,8_5_4_the_second_law_of_thermodynamics,https://ayamel.byu.edu/course/350/content/2477/lti,http://chempath.byu.edu/chem105/blackboardmp4videos/8_5_4bbnew.mp4,2477,262.0618,8,5,,,,the second law of thermodynamics,11/7/15,24,0,29,"12.1-12.2,12.4-12.5",0,,,1,Section 12.4,Application of the Second Law,12,Thermodynamics: Why Chemical Reactions Happen,Thermodynamics,
25,24,102,Quiz 25,http://openanalytics-assessments.com/assessments/lti?custom_assessment_id=102,8_5_5_predicting_a_change_in_deltaS_system,https://ayamel.byu.edu/course/350/content/2478/lti,http://chempath.byu.edu/chem105/blackboardmp4videos/8_5_5bbnew.mp4,2478,120.3869,8,5,,,,Predicting DSsystem ,11/7/15,24,0,29,"12.1-12.2,12.4-12.5",0,,,1,Section 12.4,Application of the Second Law,12,Thermodynamics: Why Chemical Reactions Happen,Thermodynamics,
25,24,102,Quiz 25,http://openanalytics-assessments.com/assessments/lti?custom_assessment_id=102,8_5_6_deltaS_surroundings_enthalpy_&_the_second_law,https://ayamel.byu.edu/course/350/content/2479/lti,http://chempath.byu.edu/chem105/blackboardmp4videos/8_5_6bbnew.mp4,2479,146.9134,8,5,,,,DSsurroundings,11/7/15,24,0,29,"12.1-12.2,12.4-12.5",0,,,1,Section 12.4,Application of the Second Law,12,Thermodynamics: Why Chemical Reactions Happen,Thermodynamics,
26,25,103,Quiz 26,http://openanalytics-assessments.com/assessments/lti?custom_assessment_id=103,8_5_7_gibbs_free_energy_&_the_second_law,https://ayamel.byu.edu/course/350/content/2480/lti,http://chempath.byu.edu/chem105/blackboardmp4videos/8_5_7bbnew.mp4,2480,195.6955,8,5,,,,Free Energy (G),11/10/15,25,1,30,12.6-12.7,0,,,1,Section 12.6,Free Energy,12,Thermodynamics: Why Chemical Reactions Happen,Thermodynamics,
26,25,103,Quiz 26,http://openanalytics-assessments.com/assessments/lti?custom_assessment_id=103,8_6_2_deltaG_&_spontaneity,https://ayamel.byu.edu/course/350/content/2482/lti,http://chempath.byu.edu/chem105/blackboardmp4videos/8_6_2bbnew.mp4,2482,220.954,8,6,,,,DG and Spontaneity I,11/10/15,25,0,30,12.6-12.7,0,,,1,Section 12.6,Free Energy,12,Thermodynamics: Why Chemical Reactions Happen,Thermodynamics,
27,26,104,Quiz 27,http://openanalytics-assessments.com/assessments/lti?custom_assessment_id=104,6_1_1_introduction,https://ayamel.byu.edu/course/350/content/2460/lti,http://chempath.byu.edu/chem105/blackboardmp4videos/6_1_1bbnew.mp4,2460,82.5157,6,1,,,,introduction to gases,11/14/15,26,1,32,"10.1-10.2,10.11",0,,,1,Section 10.1,The Properties of Gasses,10,Properties of Gasses: The Air We Breathe,Properties of Gasses,
27,26,104,Quiz 27,http://openanalytics-assessments.com/assessments/lti?custom_assessment_id=104,6_1_2_kinetic_molecular_theory_of_gasses,https://ayamel.byu.edu/course/350/content/2461/lti,http://chempath.byu.edu/chem105/blackboardmp4videos/6_1_2bbnew.mp4,2461,68.1681,6,1,,,,kinetic molecular theory of gasses,11/14/15,26,0,32,"10.1-10.2,10.11",0,,,1,Section 10.2,Effusion and the Kinetic Molecular Theory of Gases,10,Properties of Gasses: The Air We Breathe,Properties of Gasses,
27,26,104,Quiz 27,http://openanalytics-assessments.com/assessments/lti?custom_assessment_id=104,6_1_3_velocity_distribution,https://ayamel.byu.edu/course/350/content/2462/lti,http://chempath.byu.edu/chem105/blackboardmp4videos/6_1_3bbnew.mp4,2462,98.6986,6,1,,,,velocity distribution,11/14/15,26,0,32,"10.1-10.2,10.11",0,,,1,Section 10.2,Effusion and the Kinetic Molecular Theory of Gases,10,Properties of Gasses: The Air We Breathe,Properties of Gasses,
27,26,104,Quiz 27,http://openanalytics-assessments.com/assessments/lti?custom_assessment_id=104,6_1_4_molecular_speed_and_mass,https://ayamel.byu.edu/course/350/content/2463/lti,http://chempath.byu.edu/chem105/blackboardmp4videos/6_1_4bbnew.mp4,2463,57.7243,6,1,,,,molecular speed and mass,11/14/15,26,0,32,"10.1-10.2,10.11",0,,,1,Section 10.2,Effusion and the Kinetic Molecular Theory of Gases,10,Properties of Gasses: The Air We Breathe,Properties of Gasses,
27,26,104,Quiz 27,http://openanalytics-assessments.com/assessments/lti?custom_assessment_id=104,6_1_5_temperature_and_energy,https://ayamel.byu.edu/course/350/content/2464/lti,http://chempath.byu.edu/chem105/blackboardmp4videos/6_1_5bbnew.mp4,2464,114.2808,6,1,,,,temperature and energy,11/14/15,26,0,32,"10.1-10.2,10.11",0,,,1,Section 10.2,Effusion and the Kinetic Molecular Theory of Gases,10,Properties of Gasses: The Air We Breathe,Properties of Gasses,
27,26,104,Quiz 27,http://openanalytics-assessments.com/assessments/lti?custom_assessment_id=104,6_1_6_kelvin,https://ayamel.byu.edu/course/350/content/2465/lti,http://chempath.byu.edu/chem105/blackboardmp4videos/6_1_6bbnew.mp4,2465,103.5367,6,1,,,,kelvin and gases,11/14/15,26,0,32,"10.1-10.2,10.11",0,,,1,Section 10.2,Effusion and the Kinetic Molecular Theory of Gases,10,Properties of Gasses: The Air We Breathe,Properties of Gasses,
27,26,104,Quiz 27,http://openanalytics-assessments.com/assessments/lti?custom_assessment_id=104,6_1_2_temperature_and_energy,https://ayamel.byu.edu/course/350/content/2281/lti,http://chempath.byu.edu/chem105/blackboardmp4videos/6_1_2bb.mp4,2281,114.304,6,1,18,2,139,temperature and energy,11/14/15,26,0,32,"10.1-10.2,10.11",0,159,2,,Section 10.2,Effusion and the Kinetic Molecular Theory of Gases,10,Properties of Gasses: The Air We Breathe,Properties of Gasses,
27,26,104,Quiz 27,http://openanalytics-assessments.com/assessments/lti?custom_assessment_id=104,6_1_8_diffusion_and_effusion,https://ayamel.byu.edu/course/350/content/2284/lti,http://chempath.byu.edu/chem105/blackboardmp4videos/6_1_5bb.mp4,2284,86.275,6,1,18,5,142,Effusion and diffusion,11/14/15,26,0,32,"10.1-10.2,10.11",0,160,3,,Section 10.2,Effusion and the Kinetic Molecular Theory of Gases,10,Properties of Gasses: The Air We Breathe,Properties of Gasses,
28,27,105,Quiz 28,http://openanalytics-assessments.com/assessments/lti?custom_assessment_id=105,6_1_4_pressure_of_gases,https://ayamel.byu.edu/course/350/content/2283/lti,http://chempath.byu.edu/chem105/blackboardmp4videos/6_1_4bb.mp4,2283,117.94,6,1,18,4,141,Pressure of Gasses,11/17/15,27,1,33,10.3-10.5,0,161,1,1,Section 10.3,Atmospheric Pressure,10,Properties of Gasses: The Air We Breathe,Properties of Gasses,
28,27,105,Quiz 28,http://openanalytics-assessments.com/assessments/lti?custom_assessment_id=105,6_2_1_measuring_pressure,https://ayamel.byu.edu/course/350/content/2285/lti,http://chempath.byu.edu/chem105/blackboardmp4videos/6_2_1bb.mp4,2285,110.967,6,2,19,1,143,measuring pressure,11/17/15,27,0,33,10.3-10.5,0,162,2,1,Section 10.3,Atmospheric Pressure,10,Properties of Gasses: The Air We Breathe,Properties of Gasses,
28,27,105,Quiz 28,http://openanalytics-assessments.com/assessments/lti?custom_assessment_id=105,6_2_3_simple_gas_laws,https://ayamel.byu.edu/course/350/content/2287/lti,http://chempath.byu.edu/chem105/blackboardmp4videos/6_2_3bb.mp4,2287,127.117,6,2,19,3,145,simple gas laws,11/17/15,27,0,33,10.3-10.5,0,163,3,1,Section 10.4,"Relating P, T, and V: The Gas Laws",10,Properties of Gasses: The Air We Breathe,Properties of Gasses,
29,28,106,Quiz 29,http://openanalytics-assessments.com/assessments/lti?custom_assessment_id=106,6_2_2_atomic_weight_and_gas_density,https://ayamel.byu.edu/course/350/content/2286/lti,http://chempath.byu.edu/chem105/blackboardmp4videos/6_2_2bb.mp4,2286,73.697,6,2,19,2,144,atomic weight and gas density,11/19/15,28,1,34,10.6-10.8,0,164,1,1,Section 10.7,Densities of Gasses,10,Properties of Gasses: The Air We Breathe,Properties of Gasses,
29,28,106,Quiz 29,http://openanalytics-assessments.com/assessments/lti?custom_assessment_id=106,6_2_4_the_ideal_gas_law,https://ayamel.byu.edu/course/350/content/2288/lti,http://chempath.byu.edu/chem105/blackboardmp4videos/6_2_4bb.mp4,2288,67.724,6,2,19,4,146,ideal gas law,11/19/15,28,0,34,10.6-10.8,0,165,2,1,Section 10.6,Ideal Gasses and the Ideal Gas Law,10,Properties of Gasses: The Air We Breathe,Properties of Gasses,
29,28,106,Quiz 29,http://openanalytics-assessments.com/assessments/lti?custom_assessment_id=106,6_2_5_ideal_gas_law_calculations_i,https://ayamel.byu.edu/course/350/content/2289/lti,http://chempath.byu.edu/chem105/blackboardmp4videos/6_2_5bb.mp4,2289,118.509,6,2,19,5,147,ideal gas law calculations i,11/19/15,28,0,34,10.6-10.8,0,166,3,1,Section 10.6,Ideal Gasses and the Ideal Gas Law,10,Properties of Gasses: The Air We Breathe,Properties of Gasses,
29,28,106,Quiz 29,http://openanalytics-assessments.com/assessments/lti?custom_assessment_id=106,6_2_6_ideal_gas_law_calculations_ii,https://ayamel.byu.edu/course/350/content/2290/lti,http://chempath.byu.edu/chem105/blackboardmp4videos/6_2_6bb.mp4,2290,149.039,6,2,19,6,148,ideal gas law calculations ii,11/19/15,28,0,34,10.6-10.8,0,167,4,1,Section 10.6,Ideal Gasses and the Ideal Gas Law,10,Properties of Gasses: The Air We Breathe,Properties of Gasses,
30,29,107,Quiz 30,http://openanalytics-assessments.com/assessments/lti?custom_assessment_id=107,6_2_7_partial_pressure,https://ayamel.byu.edu/course/350/content/2291/lti,http://chempath.byu.edu/chem105/blackboardmp4videos/6_2_7bb.mp4,2291,124.98,6,2,19,7,149,partial pressure,11/21/15,29,1,35,"10.9-10.10,10.12",0,168,1,1,Section 10.9,Mixtures of Gasses,10,Properties of Gasses: The Air We Breathe,Properties of Gasses,
30,29,107,Quiz 30,http://openanalytics-assessments.com/assessments/lti?custom_assessment_id=107,10_2_3_solutions_of_gases_in_liquids,https://ayamel.byu.edu/course/350/content/2352/lti,http://chempath.byu.edu/chem105/blackboardmp4videos/10_2_3bb.mp4,2352,142.932,10,2,30,3,220,Solutions of Gasses in Liquids and Henrys Law,11/21/15,29,0,35,"10.9-10.10,10.12",0,169,2,1,Section 10.10,Solubility of Gasses and Henrys law,10,Properties of Gasses: The Air We Breathe,Properties of Gasses,
31,30,108,Quiz 31,http://openanalytics-assessments.com/assessments/lti?custom_assessment_id=108,10_3_1_introduction,https://ayamel.byu.edu/course/350/content/2353/lti,http://chempath.byu.edu/chem105/blackboardmp4videos/10_3_1bb.mp4,2353,213.904,10,3,31,1,221,introduction to solutions,11/24/15,30,1,36,"8.1,8.3",0,170,1,1,Sections 8.1,Solutions and Their Concentrations,8,Aqueous Solutions: Chemistry of the Hydrosphere,Aqueous Solutions,
31,30,108,Quiz 31,http://openanalytics-assessments.com/assessments/lti?custom_assessment_id=108,10_3_2_moles_of_solute_per_liter_of_solution_or_molarity,https://ayamel.byu.edu/course/350/content/2354/lti,http://chempath.byu.edu/chem105/blackboardmp4videos/10_3_2bb.mp4,2354,161.05,10,3,31,2,222,Moles/Liter or Molarity,11/24/15,30,0,36,"8.1,8.3",0,171,2,,Sections 8.1,Solutions and Their Concentrations,8,Aqueous Solutions: Chemistry of the Hydrosphere,Aqueous Solutions,
32,31,109,Quiz 32,http://openanalytics-assessments.com/assessments/lti?custom_assessment_id=109,10_1_1_the_solution_process,https://ayamel.byu.edu/course/350/content/2346/lti,http://chempath.byu.edu/chem105/blackboardmp4videos/10_1_1bb.mp4,2346,253.542,10,1,29,1,214,the solution process,11/25/15,31,1,37,"8.2,8.5",0,172,1,,Sections 8.5,Precipitation Reactions ,8,Aqueous Solutions: Chemistry of the Hydrosphere,Aqueous Solutions,
32,31,109,Quiz 32,http://openanalytics-assessments.com/assessments/lti?custom_assessment_id=109,10_1_2_general_solubility_rules,https://ayamel.byu.edu/course/350/content/2347/lti,http://chempath.byu.edu/chem105/blackboardmp4videos/10_1_2bb.mp4,2347,217.24,10,1,29,2,215,general solubility rules,11/25/15,31,0,37,"8.2,8.5",0,173,2,,Sections 8.5,Precipitation Reactions ,8,Aqueous Solutions: Chemistry of the Hydrosphere,Aqueous Solutions,
32,31,109,Quiz 32,http://openanalytics-assessments.com/assessments/lti?custom_assessment_id=109,10_1_3_applying_the_solubility_rules_net_ionic_equations,https://ayamel.byu.edu/course/350/content/2348/lti,http://chempath.byu.edu/chem105/blackboardmp4videos/10_1_3bb.mp4,2348,320.71,10,1,29,3,216,Applying the Solubility Rules,11/25/15,31,0,37,"8.2,8.5",0,174,3,,Sections 8.5,Precipitation Reactions ,8,Aqueous Solutions: Chemistry of the Hydrosphere,Aqueous Solutions,
32,31,109,Quiz 32,http://openanalytics-assessments.com/assessments/lti?custom_assessment_id=109,10_3_6_dilutions,https://ayamel.byu.edu/course/350/content/2358/lti,http://chempath.byu.edu/chem105/blackboardmp4videos/10_3_6bb.mp4,2358,345.769,10,3,31,6,226,dilutions,11/25/15,31,0,37,"8.2,8.5",0,175,4,,Sections 8.2,Dilutions,8,Aqueous Solutions: Chemistry of the Hydrosphere,Aqueous Solutions,
33,32,110,Quiz 33,http://openanalytics-assessments.com/assessments/lti?custom_assessment_id=110,9_1_1_introduction,https://ayamel.byu.edu/course/350/content/2332/lti,http://chempath.byu.edu/chem105/blackboardmp4videos/9_1_1bb.mp4,2332,119.675,9,1,27,1,190,introduction to acids,12/1/15,32,1,38,"8.4,15.1",0,176,1,,Section 15.1,Acids and Bases: Bronsted-Lowery Model ,15,Aqueous Equilibria: Chemistry of the Water World,Aqueous Equilibria,
33,32,110,Quiz 33,http://openanalytics-assessments.com/assessments/lti?custom_assessment_id=110,9_1_2_arrhenius_acids,https://ayamel.byu.edu/course/350/content/2333/lti,http://chempath.byu.edu/chem105/blackboardmp4videos/9_1_2bb.mp4,2333,142.665,9,1,27,2,191,arrhenius acids,12/1/15,32,0,38,"8.4,15.1",0,177,2,,Section 15.1,Acids and Bases: Bronsted-Lowery Model ,15,Aqueous Equilibria: Chemistry of the Water World,Aqueous Equilibria,
33,32,110,Quiz 33,http://openanalytics-assessments.com/assessments/lti?custom_assessment_id=110,9_1_3_bronsted_lowry_acids,https://ayamel.byu.edu/course/350/content/2334/lti,http://chempath.byu.edu/chem105/blackboardmp4videos/9_1_3bb.mp4,2334,115.172,9,1,27,3,192,Bronstead-Lowery Acids,12/1/15,32,0,38,"8.4,15.1",0,178,3,,Sections 8.4,"Acids, Bases, and Neutralization Reactions (Net ionic reactions)",8,Aqueous Solutions: Chemistry of the Hydrosphere,Aqueous Solutions,
33,32,110,Quiz 33,http://openanalytics-assessments.com/assessments/lti?custom_assessment_id=110,9_1_4_acid_equilibria,https://ayamel.byu.edu/course/350/content/2335/lti,http://chempath.byu.edu/chem105/blackboardmp4videos/9_1_4bb.mp4,2335,102.759,9,1,27,4,193,acid equilibria,12/1/15,32,0,38,"8.4,15.1",0,179,4,,Section 15.1,Acids and Bases: Bronsted-Lowery Model ,15,Aqueous Equilibria: Chemistry of the Water World,Aqueous Equilibria,
33,32,110,Quiz 33,http://openanalytics-assessments.com/assessments/lti?custom_assessment_id=110,9_1_5_conjugate_acid_base_pairs,https://ayamel.byu.edu/course/350/content/2336/lti,http://chempath.byu.edu/chem105/blackboardmp4videos/9_1_5bb.mp4,2336,67.99,9,1,27,5,194,conjugate acid/base pairs,12/1/15,32,0,38,"8.4,15.1",0,180,5,,Section 15.1,Acids and Bases: Bronsted-Lowery Model ,15,Aqueous Equilibria: Chemistry of the Water World,Aqueous Equilibria,
33,32,110,Quiz 33,http://openanalytics-assessments.com/assessments/lti?custom_assessment_id=110,9_1_6_generalized_equation,https://ayamel.byu.edu/course/350/content/2337/lti,http://chempath.byu.edu/chem105/blackboardmp4videos/9_1_6bb.mp4,2337,72.929,9,1,27,6,195,Generalized Acid Equation,12/1/15,32,0,38,"8.4,15.1",0,181,6,,Section 15.1,Acids and Bases: Bronsted-Lowery Model ,15,Aqueous Equilibria: Chemistry of the Water World,Aqueous Equilibria,
33,32,110,Quiz 33,http://openanalytics-assessments.com/assessments/lti?custom_assessment_id=110,9_1_8_strong_vs._weak,https://ayamel.byu.edu/course/350/content/2339/lti,http://chempath.byu.edu/chem105/blackboardmp4videos/9_1_8bb.mp4,2339,98.689,9,1,27,8,197,Strong vs. Weak Acids,12/1/15,32,0,38,"8.4,15.1",0,182,7,,Section 15.1,Acids and Bases: Bronsted-Lowery Model ,15,Aqueous Equilibria: Chemistry of the Water World,Aqueous Equilibria,
