OA Quiz ID,Question Number,Old Question Number,Concept Title,Lecture Number,Question Type,Multiple Choice Options,Source,Source 2,Graded,Week
142,1,3,"Introduction, Matter, Science",1,Short_answer,,Wood Quiz 1,4,,
142,2,4,"Introduction, Matter, Science",1,Short_answer,,Wood Quiz 1,5,,
142,3,5,"Introduction, Matter, Science",1,Short_answer,,Wood Quiz 1,6,,
142,4,6,"Introduction, Matter, Science",1,Short_answer,,Wood Quiz 1,8,,
142,5,8,"Introduction, Matter, Science",1,Short_answer,,Wood Quiz 1,2,,
143,1,1,"Measurement, Calculations",2,multiple_choice,4,Stephen Quiz 2,3,,
143,2,3,"Measurement, Calculations",2,Short_answer,,Wood Quiz 2,2,,
143,3,5,"Measurement, Calculations",2,Short_answer,,Wood Quiz 2,4,,
143,4,7,"Measurement, Calculations",2,multiple_choice,4,LS Review 1,14,,
143,5,9,"Measurement, Calculations",2,multiple_choice,5,Practice Exam 1,3,,
143,6,11,"Measurement, Calculations",2,multiple_choice,5,Stephen Quiz 2,2,,
143,7,13,"Measurement, Calculations",2,multiple_choice,5,Practice Exam 1,15,,
143,8,14,"Measurement, Calculations",2,multiple_choice,5,Practice Exam 1,12,,
143,9,17,"Measurement, Calculations",2,multiple_choice,5,Stephen Quiz 2,1,,
143,10,19,"Measurement, Calculations",2,short_answer,,Stephen Quiz 2,4,,
143,11,21,"Measurement, Calculations",2,multiple_choice,5,Practice Exam 1,7,,
143,12,22,"Measurement, Calculations",2,multiple_choice,6,LS Review 1,13,,