questions,video_long_title,video_url,video_id,video_length,video_title,date,class period,gilbert,optional,concept_number,concept_title,chapter_number,chapter_title_long,chapter_title_short,lti_secret,lti_key
1.1,1_1_9_law_of_definite_proportions,http://chempath.byu.edu/chem105/blackboardmp4videos/1_1_9bb.mp4,2154,157.501,law of definite proportions,9/3/15,1,1.1-1.6,0,1.5,Atomic Theory: Scientific Method in Action,1,Matter and Energy: An Atomic Perspective,Matter and Energy,9da01f2ecb7d72bba073fa3d5bc34b72,350
1.1,1_1_10_individual_particles,http://chempath.byu.edu/chem105/blackboardmp4videos/1_1_10bb.mp4,2155,77.88,individual particles,9/3/15,1,1.1-1.6,0,1.5,Atomic Theory: Scientific Method in Action,1,Matter and Energy: An Atomic Perspective,Matter and Energy,,
"1.2,1.3,1.4,1.5",1_1_11_law_of_multiple_proportions,http://chempath.byu.edu/chem105/blackboardmp4videos/1_1_11bb.mp4,2156,199.344,law of multiple proportions,9/3/15,1,1.1-1.6,0,1.5,Atomic Theory: Scientific Method in Action,1,Matter and Energy: An Atomic Perspective,Matter and Energy,,
1.6,1_1_12_the_atom,http://chempath.byu.edu/chem105/blackboardmp4videos/1_1_12bb.mp4,2157,141.712,the atom,9/3/15,1,1.1-1.6,0,1.5,Atomic Theory: Scientific Method in Action,1,Matter and Energy: An Atomic Perspective,Matter and Energy,,
1.7,1_1_14_molecules_chemical_reactions,http://chempath.byu.edu/chem105/blackboardmp4videos/1_1_14bb.mp4,2159,101.379,molecules and chemical reactions,9/3/15,1,1.1-1.6,0,1.6,A Molecular View,1,Matter and Energy: An Atomic Perspective,Matter and Energy,,
1.8,1_1_15_chemical_reactions,http://chempath.byu.edu/chem105/blackboardmp4videos/1_1_15bb.mp4,2160,290.227,chemical reactions,9/3/15,1,1.1-1.6,0,1.6,A Molecular View,1,Matter and Energy: An Atomic Perspective,Matter and Energy,,
"2.1,2.2,2.3,2.4",2_1_1_units_measurement,http://chempath.byu.edu/chem105/blackboardmp4videos/2_1_1bb.mp4,2170,258.16,units and measurement,9/5/15,2,1.7-1.10,0,1.8,Making Measurements and Expressing the Results,1,Matter and Energy: An Atomic Perspective,Matter and Energy,,
"2.1,2.2,2.3,2.4",2_1_2_si_system_metric_units,http://chempath.byu.edu/chem105/blackboardmp4videos/2_1_2bb.mp4,2171,422.232,si system and metric units,9/5/15,2,1.7-1.10,0,1.8,Making Measurements and Expressing the Results,1,Matter and Energy: An Atomic Perspective,Matter and Energy,,
"2.1,2.2,2.3,2.4",2_1_3_significant_figures,http://chempath.byu.edu/chem105/blackboardmp4videos/2_1_3bb.mp4,2172,325.962,significant figures,9/5/15,2,1.7-1.10,0,1.8,Making Measurements and Expressing the Results,1,Matter and Energy: An Atomic Perspective,Matter and Energy,,
"2.1,2.2,2.3,2.4",2_1_4_calculations_with_significant_figures,http://chempath.byu.edu/chem105/blackboardmp4videos/2_1_4bb.mp4,2173,332.812,calculations with significant figures,9/5/15,2,1.7-1.10,0,1.8,Making Measurements and Expressing the Results,1,Matter and Energy: An Atomic Perspective,Matter and Energy,,
"2.1,2.2,2.3,2.4",2_1_5_scientific_notation,http://chempath.byu.edu/chem105/blackboardmp4videos/2_1_5bb.mp4,2174,361.303,scientific notation,9/5/15,2,1.7-1.10,0,1.8,Making Measurements and Expressing the Results,1,Matter and Energy: An Atomic Perspective,Matter and Energy,,
"2.1,2.2,2.3,2.4",2_1_6_expressing_measured_values_in_new_units,http://chempath.byu.edu/chem105/blackboardmp4videos/2_1_6bb.mp4,2175,343.865,expressing measured units in new units,9/5/15,2,1.7-1.10,0,1.9,Unit Conversions and Dimensional Analysis,1,Matter and Energy: An Atomic Perspective,Matter and Energy,,
"2.1,2.2,2.3,2.4",2_1_7_expressing_measured_values_in_new_units_water,http://chempath.byu.edu/chem105/blackboardmp4videos/2_1_7bb.mp4,2176,467.441,expressing measured units in new units water,9/5/15,2,1.7-1.10,0,1.9,Unit Conversions and Dimensional Analysis,1,Matter and Energy: An Atomic Perspective,Matter and Energy,,
"2.1,2.2,2.3,2.4",2_1_8_expressing_measured_values_in_new_units_metric_to_english,http://chempath.byu.edu/chem105/blackboardmp4videos/2_1_8bb.mp4,2177,214.949,expressing measured units in new units metric to english,9/5/15,2,1.7-1.10,0,1.9,Unit Conversions and Dimensional Analysis,1,Matter and Energy: An Atomic Perspective,Matter and Energy,,
"3.3,3.4,3.5,3.6,3.7",1_1_13_the_periodic_table,http://chempath.byu.edu/chem105/blackboardmp4videos/1_1_13bb.mp4,2158,87.191,the periodic table I,9/8/15,3,2.1-2.3,0,2.3,Navigating the Periodic Table,2,"Atoms, Ions, and Molecules: The Building Blocks of Matter","Atoms, Ions, and Molecules",,
3.1,1_2_1_electrostatic_properties,http://chempath.byu.edu/chem105/blackboardmp4videos/1_2_1bb.mp4,2161,158.059,electrostatic properties,9/8/15,3,2.1-2.3,0,2.1,The Rutherford Model of Atomic Structure,2,"Atoms, Ions, and Molecules: The Building Blocks of Matter","Atoms, Ions, and Molecules",,
3.1,1_2_2_coulomb_s_law,http://chempath.byu.edu/chem105/blackboardmp4videos/1_2_2bb.mp4,2162,274.948,Coulomb's Law,9/8/15,3,2.1-2.3,0,2.1,The Rutherford Model of Atomic Structure,2,"Atoms, Ions, and Molecules: The Building Blocks of Matter","Atoms, Ions, and Molecules",,
3.8,1_2_3_thomson_s_cathode_rays,http://chempath.byu.edu/chem105/blackboardmp4videos/1_2_3bb.mp4,2163,107.393,thomson's cathode rays,9/8/15,3,2.1-2.3,0,2.1,The Rutherford Model of Atomic Structure,2,"Atoms, Ions, and Molecules: The Building Blocks of Matter","Atoms, Ions, and Molecules",,
"3.1,3.2",1_2_4_the_proton,http://chempath.byu.edu/chem105/blackboardmp4videos/1_2_4bb.mp4,2164,140.83,the proton,9/8/15,3,2.1-2.3,0,2.1,The Rutherford Model of Atomic Structure,2,"Atoms, Ions, and Molecules: The Building Blocks of Matter","Atoms, Ions, and Molecules",,
"3.1,3.2",1_2_5_subatomic_particles,http://chempath.byu.edu/chem105/blackboardmp4videos/1_2_5bb.mp4,2165,183.392,subatomic particles,9/8/15,3,2.1-2.3,0,2.1,The Rutherford Model of Atomic Structure,2,"Atoms, Ions, and Molecules: The Building Blocks of Matter","Atoms, Ions, and Molecules",,
"3.3,3.6",1_2_6_elemental_notation_isotopes,http://chempath.byu.edu/chem105/blackboardmp4videos/1_2_6bb.mp4,2166,216.689,elemental notation isotopes,9/8/15,3,2.1-2.3,0,2.2,Nuclides and Their Symbols,2,"Atoms, Ions, and Molecules: The Building Blocks of Matter","Atoms, Ions, and Molecules",,
"3.3,3.4,3.5,3.6,3.7",1_2_9_the_periodic_table,http://chempath.byu.edu/chem105/blackboardmp4videos/1_2_9bb.mp4,2169,354.128,the periodic table II,9/8/15,3,2.1-2.3,0,2.3,Navigating the Periodic Table,2,"Atoms, Ions, and Molecules: The Building Blocks of Matter","Atoms, Ions, and Molecules",,
4.1,1_2_7_atomic_mass_values,http://chempath.byu.edu/chem105/blackboardmp4videos/1_2_7bb.mp4,2167,108.647,atomic mass values,9/10/15,4,2.4-2.5,0,2.4,"Masses of Atoms, Ions, and Molecules",2,"Atoms, Ions, and Molecules: The Building Blocks of Matter","Atoms, Ions, and Molecules",,
4.1,1_2_8_average_atomic_mass,http://chempath.byu.edu/chem105/blackboardmp4videos/1_2_8bb.mp4,2168,134.607,average atomic mass,9/10/15,4,2.4-2.5,0,2.4,"Masses of Atoms, Ions, and Molecules",2,"Atoms, Ions, and Molecules: The Building Blocks of Matter","Atoms, Ions, and Molecules",,
"4.2,4.3,4.4,4.5,4.6",2_2_4_atomic_mass_moles,http://chempath.byu.edu/chem105/blackboardmp4videos/2_2_4bb.mp4,2181,260.343,atomic mass and moles,9/10/15,4,2.4-2.5,0,2.5,Moles and Molar Masses,2,"Atoms, Ions, and Molecules: The Building Blocks of Matter","Atoms, Ions, and Molecules",,
"4.2,4.3,4.4,4.5,4.6",2_2_5_atoms_molecules_formula_units,http://chempath.byu.edu/chem105/blackboardmp4videos/2_2_5bb.mp4,2182,404.772,atoms molecules and formula units,9/10/15,4,2.4-2.5,0,2.5,Moles and Molar Masses,2,"Atoms, Ions, and Molecules: The Building Blocks of Matter","Atoms, Ions, and Molecules",,
5.1,3_1_2_electromagnetic_radiation,http://chempath.byu.edu/chem105/blackboardmp4videos/3_1_4bb.mp4,2193,61.65,electromagnetic radiation,9/12/15,5,3.1-3.3,0,3.1,Waves of Light,3,Atomic Structure: Explaining the Properties of the Elements,Atomic Structure,,
5.1,3_1_3_wave_properties,http://chempath.byu.edu/chem105/blackboardmp4videos/3_1_5bb.mp4,2194,93.182,wave properties,9/12/15,5,3.1-3.3,0,3.1,Waves of Light,3,Atomic Structure: Explaining the Properties of the Elements,Atomic Structure,,
5.1,3_1_4_units_of_wave_properties,http://chempath.byu.edu/chem105/blackboardmp4videos/3_1_6bb.mp4,2195,108.965,wave units,9/12/15,5,3.1-3.3,0,3.1,Waves of Light,3,Atomic Structure: Explaining the Properties of the Elements,Atomic Structure,,
"5.2,5.3",3_1_5_the_electromagnetic_spectrum,http://chempath.byu.edu/chem105/blackboardmp4videos/3_1_7bb.mp4,2196,89.445,the electromagnetic spectrum,9/12/15,5,3.1-3.3,0,3.1,Waves of Light,3,Atomic Structure: Explaining the Properties of the Elements,Atomic Structure,,
"5.2,5.3",3_1_6_blackbody_radiation,http://chempath.byu.edu/chem105/blackboardmp4videos/3_1_8bb.mp4,2197,79.835,blackbody radiation,9/12/15,5,3.1-3.3,0,3.3,Particles of Light: Quantum Theory,3,Atomic Structure: Explaining the Properties of the Elements,Atomic Structure,,
"5.2,5.3",3_1_7_theory_vs._experimentation,http://chempath.byu.edu/chem105/blackboardmp4videos/3_1_9bb.mp4,2198,141.932,theory vs. experimentation,9/12/15,5,3.1-3.3,0,3.3,Particles of Light: Quantum Theory,3,Atomic Structure: Explaining the Properties of the Elements,Atomic Structure,,
"5.2,5.3",3_1_8_planck_s_constant,http://chempath.byu.edu/chem105/blackboardmp4videos/3_1_10bb.mp4,2199,64.987,planck's constant,9/12/15,5,3.1-3.3,0,3.3,Particles of Light: Quantum Theory,3,Atomic Structure: Explaining the Properties of the Elements,Atomic Structure,,
5.4,3_1_9_the_photoelectric_effect,http://chempath.byu.edu/chem105/blackboardmp4videos/3_1_11bb.mp4,2200,132.655,the photoelectric effect,9/12/15,5,3.1-3.3,0,3.3,Particles of Light: Quantum Theory,3,Atomic Structure: Explaining the Properties of the Elements,Atomic Structure,,
5.4,3_1_10_photons,http://chempath.byu.edu/chem105/blackboardmp4videos/3_1_10bbnew.mp4,2402,116.116,photons,9/12/15,5,3.1-3.3,0,3.3,Particles of Light: Quantum Theory,3,Atomic Structure: Explaining the Properties of the Elements,Atomic Structure,,
5.4,3_2_1_atomic_spectra,http://chempath.byu.edu/chem105/blackboardmp4videos/3_2_1bb.mp4,2201,114.77,atomic spectra,9/12/15,5,3.1-3.3,0,3.2,Atomic Spectra,3,Atomic Structure: Explaining the Properties of the Elements,Atomic Structure,,
5.5,3_2_2_rydberg_s_equation,http://chempath.byu.edu/chem105/blackboardmp4videos/3_2_2bbnew.mp4,2403,56.7567,rydberg equation,9/12/15,5,3.1-3.3,0,3.2,Atomic Spectra,3,Atomic Structure: Explaining the Properties of the Elements,Atomic Structure,,
5.5,3_3_1_wave_particle_duality_of_matter,http://chempath.byu.edu/chem105/blackboardmp4videos/3_3_1bb.mp4,2205,134.39,Wave-Particle Duality,9/12/15,5,3.1-3.3,0,3.3,Particles of Light: Quantum Theory,3,Atomic Structure: Explaining the Properties of the Elements,Atomic Structure,,
"6.1,6.2,6.3,6.4",3_2_3_the_bohr_model,http://chempath.byu.edu/chem105/blackboardmp4videos/3_2_2bb.mp4,2202,73.362,the bohr model,9/15/15,6,"3.2,3.4",0,3.4,The Hydrogen Spectrum and the Bohr Model,3,Atomic Structure: Explaining the Properties of the Elements,Atomic Structure,,
"6.1,6.2,6.3,6.4",3_2_4_bohr_s_model_for_hydrogen,http://chempath.byu.edu/chem105/blackboardmp4videos/3_2_3bb.mp4,2203,91.38,limitations of the bohr model,9/15/15,6,"3.2,3.4",0,3.4,The Hydrogen Spectrum and the Bohr Model,3,Atomic Structure: Explaining the Properties of the Elements,Atomic Structure,,
"6.5,6.6,6.7,6.8",3_2_5_total_electrons_in_each_energy_level,http://chempath.byu.edu/chem105/blackboardmp4videos/3_2_4bb.mp4,2204,85.242,Number of Electrons in Each n Level,9/15/15,6,"3.2,3.4",0,3.4,The Hydrogen Spectrum and the Bohr Model,3,Atomic Structure: Explaining the Properties of the Elements,Atomic Structure,,
,3_3_2_standing_waves,http://chempath.byu.edu/chem105/blackboardmp4videos/3_3_2bb.mp4,2206,131.354,standing waves,9/17/15,7,3.5-3.7,0,3.5,Electrons as Waves,3,Atomic Structure: Explaining the Properties of the Elements,Atomic Structure,,
,3_3_3_electrons_as_standing_waves,http://chempath.byu.edu/chem105/blackboardmp4videos/3_3_3bb.mp4,2207,128.217,electrons as standing waves,9/17/15,7,3.5-3.7,0,3.5,Electrons as Waves,3,Atomic Structure: Explaining the Properties of the Elements,Atomic Structure,,
,3_3_4_the_heisenberg_uncertainty_principle,http://chempath.byu.edu/chem105/blackboardmp4videos/3_3_4bb.mp4,2208,169.625,The Heisenberg Uncertainly Principle,9/17/15,7,3.5-3.7,0,3.5,Electrons as Waves,3,Atomic Structure: Explaining the Properties of the Elements,Atomic Structure,,
,3_3_5_quantum_numbers,http://chempath.byu.edu/chem105/blackboardmp4videos/3_3_5bb.mp4,2209,200.357,quantum numbers,9/17/15,7,3.5-3.7,0,3.6,Quantum Numbers,3,Atomic Structure: Explaining the Properties of the Elements,Atomic Structure,,
"7.1,7.2,7.3,7.4,7.5",3_3_6_s_orbitals,http://chempath.byu.edu/chem105/blackboardmp4videos/3_3_6bb.mp4,2210,58.314,s orbitals,9/17/15,7,3.5-3.7,0,3.7,The sizes and Shapes of Atomic Orbitals,3,Atomic Structure: Explaining the Properties of the Elements,Atomic Structure,,
"7.1,7.2,7.3,7.4,7.5",3_3_7_p_orbitals,http://chempath.byu.edu/chem105/blackboardmp4videos/3_3_7bb.mp4,2211,77.3,p orbitals,9/17/15,7,3.5-3.7,0,3.7,The sizes and Shapes of Atomic Orbitals,3,Atomic Structure: Explaining the Properties of the Elements,Atomic Structure,,
"7.1,7.2,7.3,7.4,7.5",3_3_8_d_orbitals,http://chempath.byu.edu/chem105/blackboardmp4videos/3_3_8bb.mp4,2212,69.159,d orbitals,9/17/15,7,3.5-3.7,0,3.7,The sizes and Shapes of Atomic Orbitals,3,Atomic Structure: Explaining the Properties of the Elements,Atomic Structure,,
"7.1,7.2,7.3,7.4,7.5",3_3_9_f_orbitals,http://chempath.byu.edu/chem105/blackboardmp4videos/3_3_9bb.mp4,2213,50.274,f orbitals,9/17/15,7,3.5-3.7,0,3.7,The sizes and Shapes of Atomic Orbitals,3,Atomic Structure: Explaining the Properties of the Elements,Atomic Structure,,
"7.1,7.2,7.3,7.4,7.5",3_3_10_review_of_orbitals,http://chempath.byu.edu/chem105/blackboardmp4videos/3_3_10bb.mp4,2214,159.049,Summary of Quantum Numbers and Orbitals,9/17/15,7,3.5-3.7,0,3.7,The sizes and Shapes of Atomic Orbitals,3,Atomic Structure: Explaining the Properties of the Elements,Atomic Structure,,
,3_4_1_the_quantum_mechanical_model,http://chempath.byu.edu/chem105/blackboardmp4videos/3_4_1bb.mp4,2215,84.574,The Quantum Mechanical Model of the Atom,9/17/15,7,3.5-3.7,0,3.7,The sizes and Shapes of Atomic Orbitals,3,Atomic Structure: Explaining the Properties of the Elements,Atomic Structure,,
,3_4_2_finding_electrons,http://chempath.byu.edu/chem105/blackboardmp4videos/3_4_2bb.mp4,2216,140.997,orbital electron density,9/17/15,7,3.5-3.7,0,3.7,The sizes and Shapes of Atomic Orbitals,3,Atomic Structure: Explaining the Properties of the Elements,Atomic Structure,,
"8.1,8.2,8.3,8.4,8.5,8.6",3_4_3_electron_spin_the_pauli_exclusion_principle,http://chempath.byu.edu/chem105/blackboardmp4videos/3_4_3bb.mp4,2217,124.58,Electron Spin and the Pauli Exclusion Principle,9/19/15,8,"3.5,3.8-3.9",0,3.8,The Periodic Table and Filling Orbitals,3,Atomic Structure: Explaining the Properties of the Elements,Atomic Structure,,
"8.1,8.2,8.3,8.4,8.5,8.6",3_4_4_electron_apartments,http://chempath.byu.edu/chem105/blackboardmp4videos/3_4_4bb.mp4,2218,138.094,electron apartments,9/19/15,8,"3.5,3.8-3.9",0,3.8,The Periodic Table and Filling Orbitals,3,Atomic Structure: Explaining the Properties of the Elements,Atomic Structure,,
"8.1,8.2,8.3,8.4,8.5,8.6",3_4_5_hund_s_rule,http://chempath.byu.edu/chem105/blackboardmp4videos/3_4_5bb.mp4,2219,134.624,Hund's Rule,9/19/15,8,"3.5,3.8-3.9",0,3.8,The Periodic Table and Filling Orbitals,3,Atomic Structure: Explaining the Properties of the Elements,Atomic Structure,,
"8.1,8.2,8.3,8.4,8.5,8.6",3_4_6_filling_orbitals,http://chempath.byu.edu/chem105/blackboardmp4videos/3_4_6bb.mp4,2220,152.209,filling orbitals,9/19/15,8,"3.5,3.8-3.9",0,3.8,The Periodic Table and Filling Orbitals,3,Atomic Structure: Explaining the Properties of the Elements,Atomic Structure,,
"8.1,8.2,8.3,8.4,8.5,8.6",3_4_7_trendbreakers,http://chempath.byu.edu/chem105/blackboardmp4videos/3_4_7bb.mp4,2221,78.602,Trend Breakers,9/19/15,8,"3.5,3.8-3.9",0,3.8,The Periodic Table and Filling Orbitals,3,Atomic Structure: Explaining the Properties of the Elements,Atomic Structure,,
"8.1,8.2,8.3,8.4,8.5,8.6",3_4_8_electron_configuration,http://chempath.byu.edu/chem105/blackboardmp4videos/3_4_8bb.mp4,2222,223.512,electron configuration,9/19/15,8,"3.5,3.8-3.9",0,3.9,Electron Configurations ,3,Atomic Structure: Explaining the Properties of the Elements,Atomic Structure,,
"8.1,8.2,8.3,8.4,8.5,8.6",3_4_10_periodic_placement,http://chempath.byu.edu/chem105/blackboardmp4videos/3_4_10bb.mp4,2224,94.617,periodic placement I,9/19/15,8,"3.5,3.8-3.9",0,3.8,The Periodic Table and Filling Orbitals,3,Atomic Structure: Explaining the Properties of the Elements,Atomic Structure,,
"8.1,8.2,8.3,8.4,8.5,8.6",3_4_11_periodic_placement_ii,http://chempath.byu.edu/chem105/blackboardmp4videos/3_4_11bb.mp4,2225,114.804,periodic placement ii,9/19/15,8,"3.5,3.8-3.9",0,3.8,The Periodic Table and Filling Orbitals,3,Atomic Structure: Explaining the Properties of the Elements,Atomic Structure,,
,3_5_4_valence_electrons,http://chempath.byu.edu/chem105/blackboardmp4videos/3_5_4bb.mp4,2229,116.807,valence electrons,9/19/15,8,"3.5,3.8-3.9",0,3.8,The Periodic Table and Filling Orbitals,3,Atomic Structure: Explaining the Properties of the Elements,Atomic Structure,,
,3_5_5_effective_nuclear_charge,http://chempath.byu.edu/chem105/blackboardmp4videos/3_5_5bb.mp4,2230,152.475,Effective Nuclear charge or Zeff,9/19/15,8,"3.5,3.8-3.9",0,3.8,The Periodic Table and Filling Orbitals,3,Atomic Structure: Explaining the Properties of the Elements,Atomic Structure,,
9.1,3_5_1_atomic_radii,http://chempath.byu.edu/chem105/blackboardmp4videos/3_5_1bb.mp4,2226,106.129,atomic radii,9/22/15,9,3.8-3.12,0,3.1,The Sizes of Atoms and Ions,3,Atomic Structure: Explaining the Properties of the Elements,Atomic Structure,,
"9.2,9.3",3_5_2_ionization_energy_cations,http://chempath.byu.edu/chem105/blackboardmp4videos/3_5_2bb.mp4,2227,190.514,ionization energy and cations,9/22/15,9,3.8-3.12,0,3.11,Ionizations Energies,3,Atomic Structure: Explaining the Properties of the Elements,Atomic Structure,,
9.4,3_5_3_electron_affinity_anions,http://chempath.byu.edu/chem105/blackboardmp4videos/3_5_3bb.mp4,2228,141.13,electron affinity and anions,9/22/15,9,3.8-3.12,0,3.12,Electron Affinities,3,Atomic Structure: Explaining the Properties of the Elements,Atomic Structure,,
9.4,3_5_6_atomic_radii_in_light_of_zeff,http://chempath.byu.edu/chem105/blackboardmp4videos/3_5_6bb.mp4,2231,239.462,Atomic Radii and Zeff,9/22/15,9,3.8-3.12,0,3.1,The Sizes of Atoms and Ions,3,Atomic Structure: Explaining the Properties of the Elements,Atomic Structure,,
"10.1,10.2",4_1_1_chemical_bonds,http://chempath.byu.edu/chem105/blackboardmp4videos/4_1_1bb.mp4,2232,63.285,chemical bonds,9/26/15,11,4.1-4.3,0,4.1,Chemical Bonds,4,Chemical Bonding: Understanding Climate Change,Chemical Bonding,,
,4_1_6_lewis_structures,http://chempath.byu.edu/chem105/blackboardmp4videos/4_1_6bb.mp4,2237,100.824,lewis structures,9/26/15,11,4.1-4.3,0,4.3,Lewis Symbols and Structures,4,Chemical Bonding: Understanding Climate Change,Chemical Bonding,,
,4_1_7_the_lewis_structure_of_ch4,http://chempath.byu.edu/chem105/blackboardmp4videos/4_1_7bb.mp4,2238,76.565,Lewis Structure of Methane,9/26/15,11,4.1-4.3,0,4.3,Lewis Symbols and Structures,4,Chemical Bonding: Understanding Climate Change,Chemical Bonding,,
,4_5_4_naming_simple_covalent_compounds,http://chempath.byu.edu/chem105/blackboardmp4videos/4_5_4bb.mp4,2264,237.994,naming simple covalent compounds,9/26/15,11,4.1-4.3,0,4.2,Naming and Writing Formulas,4,Chemical Bonding: Understanding Climate Change,Chemical Bonding,,
"10.7,10.8,10.9,10.10,10.11",4_5_5_naming_polyatomic_ions_i_oxyanions,http://chempath.byu.edu/chem105/blackboardmp4videos/4_5_5bb.mp4,2265,203.459,naming polyatomic ions i,9/26/15,11,4.1-4.3,0,4.2,Naming and Writing Formulas,4,Chemical Bonding: Understanding Climate Change,Chemical Bonding,,
"10.7,10.8,10.9,10.10,10.11",4_5_6_naming_polyatomic_ions_ii,http://chempath.byu.edu/chem105/blackboardmp4videos/4_5_6bb.mp4,2266,123.547,naming polyatomic ions ii,9/26/15,11,4.1-4.3,0,4.2,Naming and Writing Formulas,4,Chemical Bonding: Understanding Climate Change,Chemical Bonding,,
10.2,5_1_3_ionic_bonding_in_nacl,http://chempath.byu.edu/chem105/blackboardmp4videos/5_1_3bb.mp4,2272,127.45,ionic bonding in nacl,9/26/15,11,4.1-4.3,0,4.1,Chemical Bonds,4,Chemical Bonding: Understanding Climate Change,Chemical Bonding,,
10.2,5_1_4_ionic_bonds_as_extremely_polar_covalent_bonds,http://chempath.byu.edu/chem105/blackboardmp4videos/5_1_4bb.mp4,2273,109.365,ionic bonds as extremely polar covalent bonds,9/26/15,11,4.1-4.3,0,4.1,Chemical Bonds,4,Chemical Bonding: Understanding Climate Change,Chemical Bonding,,
10.2,5_1_5_predicting_ionic_bond_character,http://chempath.byu.edu/chem105/blackboardmp4videos/5_1_5bb.mp4,2274,230.42,Predicting Ionic Character,9/26/15,11,4.1-4.3,0,4.1,Chemical Bonds,4,Chemical Bonding: Understanding Climate Change,Chemical Bonding,,
"10.3,10.4,10.5,10.6,10.7,10.8,10.9,10.10,10.11",5_2_1_predicting_the_formulas_of_main_group_ionic_compounds,http://chempath.byu.edu/chem105/blackboardmp4videos/5_2_1bb.mp4,2275,242.132,predicting the formulas of main group ionic compounds,9/26/15,11,4.1-4.3,0,4.2,Naming and Writing Formulas,4,Chemical Bonding: Understanding Climate Change,Chemical Bonding,,
"10.3,10.4,10.5,10.6,10.7,10.8,10.9,10.10,10.11",5_2_2_predicting_the_formulas_of_main_group_ionic_compounds_ii,http://chempath.byu.edu/chem105/blackboardmp4videos/5_2_2bb.mp4,2276,135.325,predicting the formulas of main group ionic compounds ii,9/26/15,11,4.1-4.3,0,4.2,Naming and Writing Formulas,4,Chemical Bonding: Understanding Climate Change,Chemical Bonding,,
"10.3,10.4,10.5,10.6,10.7,10.8,10.9,10.10,10.11",5_2_3_predicting_the_formulas_of_other_ionic_compounds,http://chempath.byu.edu/chem105/blackboardmp4videos/5_2_3bb.mp4,2277,150.24,predicting the formulas of other ionic compounds,9/26/15,11,4.1-4.3,0,4.2,Naming and Writing Formulas,4,Chemical Bonding: Understanding Climate Change,Chemical Bonding,,
"10.3,10.4,10.5,10.6,10.7,10.8,10.9,10.10,10.11",5_2_4_predicting_ion_charges_in_ionic_compounds,http://chempath.byu.edu/chem105/blackboardmp4videos/5_2_4bb.mp4,2278,132.155,predicting ion charges in ionic compounds,9/26/15,11,4.1-4.3,0,4.2,Naming and Writing Formulas,4,Chemical Bonding: Understanding Climate Change,Chemical Bonding,,
"10.3,10.4,10.5,10.6,10.7,10.8,10.9,10.10,10.11",5_2_5_naming_ionic_compounds,http://chempath.byu.edu/chem105/blackboardmp4videos/5_2_5bb.mp4,2279,168.625,naming ionic compounds,9/26/15,11,4.1-4.3,0,4.2,Naming and Writing Formulas,4,Chemical Bonding: Understanding Climate Change,Chemical Bonding,,
,9_1_7_acid_nomenclature,http://chempath.byu.edu/chem105/blackboardmp4videos/9_1_7bb.mp4,2338,133.055,acid nomenclature,9/26/15,11,4.1-4.3,0,4.2,Naming and Writing Formulas,4,Chemical Bonding: Understanding Climate Change,Chemical Bonding,,
Missing Quiz,4_3_1_electronegativity,http://chempath.byu.edu/chem105/blackboardmp4videos/4_3_1bb.mp4,2248,172.695,electronegativity,9/29/15,12,4.1-4.4,0,4.4,Electronegativity: Unequal Sharing and Polar Bonds,4,Chemical Bonding: Understanding Climate Change,Chemical Bonding,,
"11.2,11.3,11.4",4_4_1_formal_charge_i,http://chempath.byu.edu/chem105/blackboardmp4videos/4_4_1bb.mp4,2255,102.059,formal charge i,10/1/15,13,4.6-4.9,0,4.7,Formal Charge: Choosing among Lewis Structures,4,Chemical Bonding: Understanding Climate Change,Chemical Bonding,,
"11.2,11.3,11.4",4_4_2_formal_charge_ii,http://chempath.byu.edu/chem105/blackboardmp4videos/4_4_2bb.mp4,2256,142.699,formal charge ii,10/1/15,13,4.6-4.9,0,4.7,Formal Charge: Choosing among Lewis Structures,4,Chemical Bonding: Understanding Climate Change,Chemical Bonding,,
11.1,4_4_3_the_lewis_structure_of_ozone,http://chempath.byu.edu/chem105/blackboardmp4videos/4_4_3bb.mp4,2257,161.217,Lewis Structure of Ozone,10/1/15,13,4.6-4.9,0,4.7,Formal Charge: Choosing among Lewis Structures,4,Chemical Bonding: Understanding Climate Change,Chemical Bonding,,
"11.1,13.4,13.10,13.16,13.22,13.28",4_4_4_resonance,http://chempath.byu.edu/chem105/blackboardmp4videos/4_4_4bb.mp4,2258,136.259,resonance,10/1/15,13,4.6-4.9,0,4.6,Resonance,4,Chemical Bonding: Understanding Climate Change,Chemical Bonding,,
"11.5,11.6",4_4_5_bond_order,http://chempath.byu.edu/chem105/blackboardmp4videos/4_4_5bb.mp4,2259,55.579,bond order,10/1/15,13,4.6-4.9,0,4.9,The Lengths and Strengths of Covalent Bonds,4,Chemical Bonding: Understanding Climate Change,Chemical Bonding,,
,4_1_9_shape_vsepr,http://chempath.byu.edu/chem105/blackboardmp4videos/4_1_9bb.mp4,2240,251.074,Shape and VSEPR,10/3/15,14,5.1-5.3,0,5.2,Valence-Shell Electron-Pair Repulsion Theory (VSEPR),5,Bonding Theories: Explaining Molecular Geometry,Bonding Theories,,
12.1,4_5_7_bond_polarity,http://chempath.byu.edu/chem105/blackboardmp4videos/4_5_7bb.mp4,2267,104.66,bond polarity,10/3/15,14,5.1-5.3,0,5.3,Polar Bonds and Polar Molecules,5,Bonding Theories: Explaining Molecular Geometry,Bonding Theories,,
"12.2,13.6,13.12,13.18,13.24,13.30",4_5_8_molecular_polarity,http://chempath.byu.edu/chem105/blackboardmp4videos/4_5_8bb.mp4,2268,149.105,molecular polarity,10/3/15,14,5.1-5.3,0,5.3,Polar Bonds and Polar Molecules,5,Bonding Theories: Explaining Molecular Geometry,Bonding Theories,,
"13.1,13.2,13.3,13.4,13.5,13.6,13.7,13.8,13.9,13.10,13.11,13.12,13.13,13.14,13.15,13.16,13.17,13.18,13.19,13.20,13.21,13.22,13.23,13.24,13.25,13.26,13.27,13.28,13.29,13.30",4_1_5_valence_bond_theory,http://chempath.byu.edu/chem105/blackboardmp4videos/4_1_5bb.mp4,2236,80.069,valence bond theory,10/6/15,15,5.4-5.5,0,5.4,Valence Bond Theory and Hybrid Orbitals,5,Bonding Theories: Explaining Molecular Geometry,Bonding Theories,,
"13.1,13.7,13.13,13.19,13.25",4_1_8_orbital_hybridization,http://chempath.byu.edu/chem105/blackboardmp4videos/4_1_8bb.mp4,2239,214.404,orbital hybridization,10/6/15,15,5.4-5.5,0,5.4,Valence Bond Theory and Hybrid Orbitals,5,Bonding Theories: Explaining Molecular Geometry,Bonding Theories,,
"13.1,13.7,13.13,13.19,13.25",4_2_1_predicting_bonding,http://chempath.byu.edu/chem105/blackboardmp4videos/4_2_1bb.mp4,2241,181.737,predicting bonding,10/6/15,15,5.4-5.5,0,5.4,Valence Bond Theory and Hybrid Orbitals,5,Bonding Theories: Explaining Molecular Geometry,Bonding Theories,,
"13.5,13.11,13.17,13.23,13.29",4_2_2_molecular_shapes_i,http://chempath.byu.edu/chem105/blackboardmp4videos/4_2_2bb.mp4,2242,194.684,molecular shapes i,10/6/15,15,5.4-5.5,0,5.4,Valence Bond Theory and Hybrid Orbitals,5,Bonding Theories: Explaining Molecular Geometry,Bonding Theories,,
"13.5,13.11,13.17,13.23,13.29",4_2_3_molecular_shapes_ii,http://chempath.byu.edu/chem105/blackboardmp4videos/4_2_3bb.mp4,2243,64.287,molecular shapes ii,10/6/15,15,5.4-5.5,0,5.4,Valence Bond Theory and Hybrid Orbitals,5,Bonding Theories: Explaining Molecular Geometry,Bonding Theories,,
,4_2_4_diatomic_fluorine,http://chempath.byu.edu/chem105/blackboardmp4videos/4_2_4bb.mp4,2244,51.04,diatomic fluorine,10/6/15,15,5.4-5.5,0,5.4,Valence Bond Theory and Hybrid Orbitals,5,Bonding Theories: Explaining Molecular Geometry,Bonding Theories,,
,4_2_5_diatomic_oxygen_the_covalent_double_bond,http://chempath.byu.edu/chem105/blackboardmp4videos/4_2_5bb.mp4,2245,219.209,diatomic oxygen and the covalent double bond,10/6/15,15,5.4-5.5,0,5.4,Valence Bond Theory and Hybrid Orbitals,5,Bonding Theories: Explaining Molecular Geometry,Bonding Theories,,
"13.2,13.3,13.8,13.9,13.14,13.15,13.20,13.21,13.26,13.27",4_2_6_sigma_pi_bonds,http://chempath.byu.edu/chem105/blackboardmp4videos/4_2_6bb.mp4,2246,50.374,sigma and pi bonds,10/6/15,15,5.4-5.5,0,5.4,Valence Bond Theory and Hybrid Orbitals,5,Bonding Theories: Explaining Molecular Geometry,Bonding Theories,,
,4_2_7_diatomic_nitrogen_the_covalent_triple_bond,http://chempath.byu.edu/chem105/blackboardmp4videos/4_2_7bb.mp4,2247,177.067,diatomic nitrogen and the covalent triple bond,10/6/15,15,5.4-5.5,0,5.4,Valence Bond Theory and Hybrid Orbitals,5,Bonding Theories: Explaining Molecular Geometry,Bonding Theories,,
,4_3_2_lewis_structure_of_pcl5,http://chempath.byu.edu/chem105/blackboardmp4videos/4_3_2bb.mp4,2249,123.78,lewis structure of pcl5,10/6/15,15,5.4-5.5,0,5.4,Valence Bond Theory and Hybrid Orbitals,5,Bonding Theories: Explaining Molecular Geometry,Bonding Theories,,
,4_3_3_pcl5_trigonal_bipyramidal_geometry,http://chempath.byu.edu/chem105/blackboardmp4videos/4_3_3bb.mp4,2250,138.929,pcl5 and trigonal bipyramidal geometry,10/6/15,15,5.4-5.5,0,5.4,Valence Bond Theory and Hybrid Orbitals,5,Bonding Theories: Explaining Molecular Geometry,Bonding Theories,,
,4_3_4_sf4_seesaw_shape,http://chempath.byu.edu/chem105/blackboardmp4videos/4_3_4bb.mp4,2251,190.079,sf4 and seesaw shape,10/6/15,15,5.4-5.5,0,5.4,Valence Bond Theory and Hybrid Orbitals,5,Bonding Theories: Explaining Molecular Geometry,Bonding Theories,,
,4_3_5_sf6_octahedral_geometry,http://chempath.byu.edu/chem105/blackboardmp4videos/4_3_5bb.mp4,2252,140.564,SF6 and Octahedral Shape,10/6/15,15,5.4-5.5,0,5.4,Valence Bond Theory and Hybrid Orbitals,5,Bonding Theories: Explaining Molecular Geometry,Bonding Theories,,
,4_3_6_other_shapes,http://chempath.byu.edu/chem105/blackboardmp4videos/4_3_6bb.mp4,2253,66.622,Additional Shapes,10/6/15,15,5.4-5.5,0,5.4,Valence Bond Theory and Hybrid Orbitals,5,Bonding Theories: Explaining Molecular Geometry,Bonding Theories,,
"13.5,13.11,13.17,13.23,13.29",4_3_7_predicting_molecular_orbitals_shapes,http://chempath.byu.edu/chem105/blackboardmp4videos/4_3_7bb.mp4,2254,82.139,Predicting Molecular Shapes,10/6/15,15,5.4-5.5,0,5.4,Valence Bond Theory and Hybrid Orbitals,5,Bonding Theories: Explaining Molecular Geometry,Bonding Theories,,
"13.5,13.11,13.17,13.23,13.29,13.1,13.7,13.13,13.19,13.25",4_4_6_lewis_structure_strategies,http://chempath.byu.edu/chem105/blackboardmp4videos/4_4_6bb.mp4,2260,202.459,lewis structure strategies,10/6/15,15,5.4-5.5,0,5.4,Valence Bond Theory and Hybrid Orbitals,5,Bonding Theories: Explaining Molecular Geometry,Bonding Theories,,
,4_5_1_the_lewis_structure_of_no3_,http://chempath.byu.edu/chem105/blackboardmp4videos/4_5_1bb.mp4,2261,213.235,Lewis Structure of NO3_,10/6/15,15,5.4-5.5,0,5.4,Valence Bond Theory and Hybrid Orbitals,5,Bonding Theories: Explaining Molecular Geometry,Bonding Theories,,
,4_5_2_the_lewis_structure_of_so42_,http://chempath.byu.edu/chem105/blackboardmp4videos/4_5_2bb.mp4,2262,198.855,Lewis Structure of SO42_,10/6/15,15,5.4-5.5,0,5.4,Valence Bond Theory and Hybrid Orbitals,5,Bonding Theories: Explaining Molecular Geometry,Bonding Theories,,
,4_5_3_the_lewis_structure_of_po33_,http://chempath.byu.edu/chem105/blackboardmp4videos/4_5_3bb.mp4,2263,182.539,Lewis Structure of PO43_,10/6/15,15,5.4-5.5,0,5.4,Valence Bond Theory and Hybrid Orbitals,5,Bonding Theories: Explaining Molecular Geometry,Bonding Theories,,
,4_5_9_the_grand_overview_pocl3,http://chempath.byu.edu/chem105/blackboardmp4videos/4_5_9bb.mp4,2269,206.93,Lewis Structure of POCl3,10/6/15,15,5.4-5.5,0,5.4,Valence Bond Theory and Hybrid Orbitals,5,Bonding Theories: Explaining Molecular Geometry,Bonding Theories,,
"14.1,14.2,14.3,14.4,14.5,14.6",3_4_9_paramagnetism,http://chempath.byu.edu/chem105/blackboardmp4videos/3_4_9bb.mp4,2223,126.315,paramagnetism,10/10/15,17,"5.7,18.1-18.2",0,5.7,Molecular Orbital Theory,5,Bonding Theories: Explaining Molecular Geometry,Bonding Theories,,
14.1,4_1_2_bond_formation_in_h2,http://chempath.byu.edu/chem105/blackboardmp4videos/4_1_2bb.mp4,2233,143.465,bond formation in h2,10/10/15,17,"5.7,18.1-18.2",0,5.7,Molecular Orbital Theory,5,Bonding Theories: Explaining Molecular Geometry,Bonding Theories,,
"14.1,14.2,14.3,14.4,14.5,14.6",4_1_3_covalent_bonds,http://chempath.byu.edu/chem105/blackboardmp4videos/4_1_3bb.mp4,2234,99.522,covalent bonds,10/10/15,17,"5.7,18.1-18.2",0,5.7,Molecular Orbital Theory,5,Bonding Theories: Explaining Molecular Geometry,Bonding Theories,,
"14.1,14.2,14.3,14.4,14.5,14.6",4_1_4_molecular_orbitals_of_h2,http://chempath.byu.edu/chem105/blackboardmp4videos/4_1_4bb.mp4,2235,122.712,Molecular Orbital of H2,10/10/15,17,"5.7,18.1-18.2",0,5.7,Molecular Orbital Theory,5,Bonding Theories: Explaining Molecular Geometry,Bonding Theories,,
"15.1,15.2,15.3,15.4",7_1_2_dipole_dipole_interactions,http://chempath.byu.edu/chem105/blackboardmp4videos/7_1_2bb.mp4,2293,122.179,dipole-dipole interactions,10/13/15,18,6.1-6.2,0,6.2,Interactions involving Polar Molecules,6,Intermolecular Forces: Attractions between Particles,Intermolecular Forces,,
"15.1,15.2,15.3,15.4",7_1_3_hydrogen_bonding,http://chempath.byu.edu/chem105/blackboardmp4videos/7_1_3bb.mp4,2294,98.187,hydrogen bonding,10/13/15,18,6.1-6.2,0,6.2,Interactions involving Polar Molecules,6,Intermolecular Forces: Attractions between Particles,Intermolecular Forces,,
"15.1,15.2,15.3,15.4",7_1_4_ion_dipole_interactions,http://chempath.byu.edu/chem105/blackboardmp4videos/7_1_4bb.mp4,2295,62.885,ion-dipole interactions,10/13/15,18,6.1-6.2,0,6.2,Interactions involving Polar Molecules,6,Intermolecular Forces: Attractions between Particles,Intermolecular Forces,,
"15.1,15.2,15.3,15.4",7_1_5_london_dispersion_forces,http://chempath.byu.edu/chem105/blackboardmp4videos/7_1_5bb.mp4,2296,113.035,london dispersion forces,10/13/15,18,6.1-6.2,0,6.1,London Dispersion Forces: They're Everywhere,6,Intermolecular Forces: Attractions between Particles,Intermolecular Forces,,
"15.1,15.2,15.3,15.4",7_1_6_strength_of_dispersion_forces,http://chempath.byu.edu/chem105/blackboardmp4videos/7_1_6bb.mp4,2297,148.972,strength of dispersion forces,10/13/15,18,6.1-6.2,0,6.1,London Dispersion Forces: They're Everywhere,6,Intermolecular Forces: Attractions between Particles,Intermolecular Forces,,
"15.1,15.2,15.3,15.4",7_1_7_reviewing_forces,http://chempath.byu.edu/chem105/blackboardmp4videos/7_1_7bb.mp4,2298,83.474,Overview of Liquids and Intermolecular Forces,10/13/15,18,6.1-6.2,0,6.2,Interactions involving Polar Molecules,6,Intermolecular Forces: Attractions between Particles,Intermolecular Forces,,
"15.1,15.2,15.3,15.4",7_2_1_overview_of_liquids,http://chempath.byu.edu/chem105/blackboardmp4videos/7_2_1bb.mp4,2299,78.802,Overview of Liquids and Intermolecular Forces,10/13/15,18,6.1-6.2,0,6.2,Interactions involving Polar Molecules,6,Intermolecular Forces: Attractions between Particles,Intermolecular Forces,,
"15.1,15.2,15.3,15.4",7_2_2_flow_and_viscosity,http://chempath.byu.edu/chem105/blackboardmp4videos/7_2_2bb.mp4,2300,81.939,flow and viscosity,10/13/15,18,6.1-6.2,0,6.2,Interactions involving Polar Molecules,6,Intermolecular Forces: Attractions between Particles,Intermolecular Forces,,
"16.5,16.6",7_2_3_cohesive_and_adhesive_forces,http://chempath.byu.edu/chem105/blackboardmp4videos/7_2_3bb.mp4,2301,91.414,cohesive and adhesive forces,10/15/15,19,6.4-6.5,0,6.5,Some Remarkable Properties of Water,6,Intermolecular Forces: Attractions between Particles,Intermolecular Forces,,
"16.5,16.6",7_2_4_surface_tension,http://chempath.byu.edu/chem105/blackboardmp4videos/7_2_4bb.mp4,2302,70.594,surface tension,10/15/15,19,6.4-6.5,0,6.5,Some Remarkable Properties of Water,6,Intermolecular Forces: Attractions between Particles,Intermolecular Forces,,
"16.5,16.6",7_2_5_meniscus_and_capillary_action,http://chempath.byu.edu/chem105/blackboardmp4videos/7_2_5bb.mp4,2303,72.295,meniscus and capillary action,10/15/15,19,6.4-6.5,0,6.5,Some Remarkable Properties of Water,6,Intermolecular Forces: Attractions between Particles,Intermolecular Forces,,
"16.1,16.2,16.3,16.4,16.5,16.6",7_3_1_phase_changes,http://chempath.byu.edu/chem105/blackboardmp4videos/7_3_1bb.mp4,2304,129.285,phase changes,10/15/15,19,6.4-6.5,0,6.4,Phase Diagrams,6,Intermolecular Forces: Attractions between Particles,Intermolecular Forces,,
"16.1,16.2,16.3,16.4,16.5,16.6",7_3_4_phase_diagrams,http://chempath.byu.edu/chem105/blackboardmp4videos/7_3_4bb.mp4,2307,129.285,phase diagrams,10/15/15,19,6.4-6.5,0,6.4,Phase Diagrams,6,Intermolecular Forces: Attractions between Particles,Intermolecular Forces,,
"16.1,16.2,16.3,16.4,16.5,16.6",7_3_5_two_examples_of_phase_diagrams,http://chempath.byu.edu/chem105/blackboardmp4videos/7_3_5bb.mp4,2308,101.457,two examples of phase diagrams,10/15/15,19,6.4-6.5,0,6.4,Phase Diagrams,6,Intermolecular Forces: Attractions between Particles,Intermolecular Forces,,
,1_1_5_law_of_conservation_of_mass,http://chempath.byu.edu/chem105/blackboardmp4videos/1_1_5bb.mp4,2150,121.302,law of conservation of mass,10/20/15,21,7.1-7.4,0,7.1,Chemical Reactions and the Conservation of Mass,7,Stoichiometry: Mass Relationships and Chemical Reactions,Stoichiometry,,
,2_2_1_balancing_chemical_equations,http://chempath.byu.edu/chem105/blackboardmp4videos/2_2_1bb.mp4,2178,322.41,balancing chemical equations,10/20/15,21,7.1-7.4,0,7.2,Balancing Chemical Equations,7,Stoichiometry: Mass Relationships and Chemical Reactions,Stoichiometry,,
,2_2_2_using_chemical_equations,http://chempath.byu.edu/chem105/blackboardmp4videos/2_2_2bb.mp4,2179,171.155,using chemical equations,10/20/15,21,7.1-7.4,0,7.2,Balancing Chemical Equations,7,Stoichiometry: Mass Relationships and Chemical Reactions,Stoichiometry,,
,2_2_3_stoichiometry_balanced_equations,http://chempath.byu.edu/chem105/blackboardmp4videos/2_2_3bb.mp4,2180,286.024,stoichiometry and chemical equations,10/20/15,21,7.1-7.4,0,7.4,Stoichiometirc Calculations and the Carbon Cycle,7,Stoichiometry: Mass Relationships and Chemical Reactions,Stoichiometry,,
,2_2_6_understanding_balanced_chemical_equations,http://chempath.byu.edu/chem105/blackboardmp4videos/2_2_6bb.mp4,2183,181.093,understanding balanced chemical equations,10/20/15,21,7.1-7.4,0,7.4,Stoichiometirc Calculations and the Carbon Cycle,7,Stoichiometry: Mass Relationships and Chemical Reactions,Stoichiometry,,
,2_2_7_balanced_equations_moles,http://chempath.byu.edu/chem105/blackboardmp4videos/2_2_7bb.mp4,2184,170.342,balanced equations and moles,10/20/15,21,7.1-7.4,0,7.4,Stoichiometirc Calculations and the Carbon Cycle,7,Stoichiometry: Mass Relationships and Chemical Reactions,Stoichiometry,,
,2_2_8_stoichiometric_ratios,http://chempath.byu.edu/chem105/blackboardmp4videos/2_2_8bb.mp4,2185,252.332,stoichiometric ratios,10/20/15,21,7.1-7.4,0,7.4,Stoichiometirc Calculations and the Carbon Cycle,7,Stoichiometry: Mass Relationships and Chemical Reactions,Stoichiometry,,
,2_2_9_calculations_using_moles,http://chempath.byu.edu/chem105/blackboardmp4videos/2_2_9bb.mp4,2186,171.55,calculations using moles,10/20/15,21,7.1-7.4,0,7.4,Stoichiometirc Calculations and the Carbon Cycle,7,Stoichiometry: Mass Relationships and Chemical Reactions,Stoichiometry,,
,2_2_10_stoichiometric_ratios_nacl,http://chempath.byu.edu/chem105/blackboardmp4videos/2_2_10bb.mp4,2187,328.772,stoichiometric ratios I,10/20/15,21,7.1-7.4,0,7.4,Stoichiometirc Calculations and the Carbon Cycle,7,Stoichiometry: Mass Relationships and Chemical Reactions,Stoichiometry,,
,2_2_11_stoichiometric_ratios_nacl_cont.,http://chempath.byu.edu/chem105/blackboardmp4videos/2_2_11bb.mp4,2188,238.353,stoichiometric ratios II,10/20/15,21,7.1-7.4,0,7.4,Stoichiometirc Calculations and the Carbon Cycle,7,Stoichiometry: Mass Relationships and Chemical Reactions,Stoichiometry,,
,2_3_1_limiting_reactants,http://chempath.byu.edu/chem105/blackboardmp4videos/2_2_12bb.mp4,2189,412.851,limiting reactants,10/22/15,22,7.8,0,7.8,Limiting Reactants and Percent Yield,7,Stoichiometry: Mass Relationships and Chemical Reactions,Stoichiometry,,
,2_3_4_percent_yield,http://chempath.byu.edu/chem105/blackboardmp4videos/2_2_15bb.mp4,2191,114.916,percent yield,10/22/15,22,7.8,0,7.8,Limiting Reactants and Percent Yield,7,Stoichiometry: Mass Relationships and Chemical Reactions,Stoichiometry,,
,2_3_2_percent_composition,http://chempath.byu.edu/chem105/blackboardmp4videos/2_3_2bbnew.mp4,2401,245.4785,percent composition,10/24/15,23,7.5-7.6,0,7.5,Percent composition and Empirical Formula,7,Stoichiometry: Mass Relationships and Chemical Reactions,Stoichiometry,,
,2_3_3_empirical_formula,http://chempath.byu.edu/chem105/blackboardmp4videos/2_2_14bb.mp4,2190,348.857,empirical formula,10/24/15,23,7.5-7.6,0,7.5,Percent composition and Empirical Formula,7,Stoichiometry: Mass Relationships and Chemical Reactions,Stoichiometry,,
,8_3_1_enthalpy_in_reactions,http://chempath.byu.edu/chem105/blackboardmp4videos/8_3_1bbnew.mp4,2468,122.122,enthalpy in reactions,10/29/15,25,9.1-9.3,0,9.3,Enthalpy and Enthalpy Changes,9,Thermochemistry: Energy Changes in Chemical Reactions,Thermochemistry,,
,8_1_1_introduction_to_energy_changes,http://chempath.byu.edu/chem105/blackboardmp4videos/8_1_4bb.mp4,2312,125.282,introduction to energy changes,10/29/15,25,9.1-9.3,0,9.1,Energy as a Reactant or Product,9,Thermochemistry: Energy Changes in Chemical Reactions,Thermochemistry,,
,8_1_2_energy_in_equations,http://chempath.byu.edu/chem105/blackboardmp4videos/8_1_5bb.mp4,2313,88.377,energy in equations,10/29/15,25,9.1-9.3,0,9.1,Energy as a Reactant or Product,9,Thermochemistry: Energy Changes in Chemical Reactions,Thermochemistry,,
,7_3_2_energy_of_phase_changes,http://chempath.byu.edu/chem105/blackboardmp4videos/7_3_2bb.mp4,2305,177.034,energy of phase changes,10/31/15,26,9.4-9.5,0,9.4,eating Curves and Heat Capacity,9,Thermochemistry: Energy Changes in Chemical Reactions,Thermochemistry,,
,7_3_3_heating_curves,http://chempath.byu.edu/chem105/blackboardmp4videos/7_3_3bb.mp4,2306,142.099,heating curves,10/31/15,26,9.4-9.5,0,9.4,eating Curves and Heat Capacity,9,Thermochemistry: Energy Changes in Chemical Reactions,Thermochemistry,,
,7_3_6_evaporation_condensation,http://chempath.byu.edu/chem105/blackboardmp4videos/7_3_6bb.mp4,2309,109.399,evaporation and condensation,10/31/15,26,9.4-9.5,0,9.4,eating Curves and Heat Capacity,9,Thermochemistry: Energy Changes in Chemical Reactions,Thermochemistry,,
,8_4_1_hess's_law,http://chempath.byu.edu/chem105/blackboardmp4videos/8_4_1bbnew.mp4,2469,342.4087,Hess's Law,11/3/15,27,9.6-9.7,0,9.6,Hess's Law and Standard Heats of Reaction,9,Thermochemistry: Energy Changes in Chemical Reactions,Thermochemistry,,
,8_4_2_formation_reactions,http://chempath.byu.edu/chem105/blackboardmp4videos/8_4_2bbnew.mp4,2470,91.8584,formation reactions I,11/3/15,27,9.6-9.7,0,9.6,Hess's Law and Standard Heats of Reaction,9,Thermochemistry: Energy Changes in Chemical Reactions,Thermochemistry,,
,8_4_3_standard_state,http://chempath.byu.edu/chem105/blackboardmp4videos/8_4_3bbnew.mp4,2471,153.887,standard state II,11/3/15,27,9.6-9.7,0,9.6,Hess's Law and Standard Heats of Reaction,9,Thermochemistry: Energy Changes in Chemical Reactions,Thermochemistry,,
,8_5_1_introduction,http://chempath.byu.edu/chem105/blackboardmp4videos/8_5_1bbnew.mp4,2474,170.9708,Introduction to Entropy,11/7/15,29,"12.1-12.2,12.4-12.5",0,12.1,Spontaneous Processes,12,Thermodynamics: Why Chemical Reactions Happen,Thermodynamics,,
,8_5_2_a_closer_look_at_a_hot_drink_cooling,http://chempath.byu.edu/chem105/blackboardmp4videos/8_5_2bbnew.mp4,2475,228.3948,Hot Drink Cooling - A Spontaneous Process,11/7/15,29,"12.1-12.2,12.4-12.5",0,12.1,Spontaneous Processes,12,Thermodynamics: Why Chemical Reactions Happen,Thermodynamics,,
,8_5_3_mathematical_representation_of_entropy_changes,http://chempath.byu.edu/chem105/blackboardmp4videos/8_5_3bbnew.mp4,2476,196.2961,Entropy Changes (DS),11/7/15,29,"12.1-12.2,12.4-12.5",0,12.4,application of the Second Law,12,Thermodynamics: Why Chemical Reactions Happen,Thermodynamics,,
,8_5_4_the_second_law_of_thermodynamics,http://chempath.byu.edu/chem105/blackboardmp4videos/8_5_4bbnew.mp4,2477,262.0618,the second law of thermodynamics,11/7/15,29,"12.1-12.2,12.4-12.5",0,12.4,application of the Second Law,12,Thermodynamics: Why Chemical Reactions Happen,Thermodynamics,,
,8_5_5_predicting_a_change_in_deltaS_system,http://chempath.byu.edu/chem105/blackboardmp4videos/8_5_5bbnew.mp4,2478,120.3869,Predicting DSsystem ,11/7/15,29,"12.1-12.2,12.4-12.5",0,12.4,application of the Second Law,12,Thermodynamics: Why Chemical Reactions Happen,Thermodynamics,,
,8_5_6_deltaS_surroundings_enthalpy_&_the_second_law,http://chempath.byu.edu/chem105/blackboardmp4videos/8_5_6bbnew.mp4,2479,146.9134,DSsurroundings,11/7/15,29,"12.1-12.2,12.4-12.5",0,12.4,application of the Second Law,12,Thermodynamics: Why Chemical Reactions Happen,Thermodynamics,,
,8_5_7_gibbs_free_energy_&_the_second_law,http://chempath.byu.edu/chem105/blackboardmp4videos/8_5_7bbnew.mp4,2480,195.6955,Free Energy (G),11/10/15,30,12.6-12.7,0,12.6,Free Energy,12,Thermodynamics: Why Chemical Reactions Happen,Thermodynamics,,
,8_6_2_deltaG_&_spontaneity,http://chempath.byu.edu/chem105/blackboardmp4videos/8_6_2bbnew.mp4,2482,220.954,DG and Spontaneity I,11/10/15,30,12.6-12.7,0,12.6,Free Energy,12,Thermodynamics: Why Chemical Reactions Happen,Thermodynamics,,
,6_1_1_introduction,http://chempath.byu.edu/chem105/blackboardmp4videos/6_1_1bbnew.mp4,2460,82.5157,introduction to gases,11/14/15,32,"10.1-10.2,10.11",0,10.1,The Properties of Gasses,10,Properties of Gasses: The Air We Breathe,Properties of Gasses,,
,6_1_2_kinetic_molecular_theory_of_gasses,http://chempath.byu.edu/chem105/blackboardmp4videos/6_1_2bbnew.mp4,2461,68.1681,kinetic molecular theory of gasses,11/14/15,32,"10.1-10.2,10.11",0,10.2,Effusion and the Kinetic Molecular Theory of Gases,10,Properties of Gasses: The Air We Breathe,Properties of Gasses,,
,6_1_3_velocity_distribution,http://chempath.byu.edu/chem105/blackboardmp4videos/6_1_3bbnew.mp4,2462,98.6986,velocity distribution,11/14/15,32,"10.1-10.2,10.11",0,10.2,Effusion and the Kinetic Molecular Theory of Gases,10,Properties of Gasses: The Air We Breathe,Properties of Gasses,,
,6_1_4_molecular_speed_and_mass,http://chempath.byu.edu/chem105/blackboardmp4videos/6_1_4bbnew.mp4,2463,57.7243,molecular speed and mass,11/14/15,32,"10.1-10.2,10.11",0,10.2,Effusion and the Kinetic Molecular Theory of Gases,10,Properties of Gasses: The Air We Breathe,Properties of Gasses,,
,6_1_5_temperature_and_energy,http://chempath.byu.edu/chem105/blackboardmp4videos/6_1_5bbnew.mp4,2464,114.2808,temperature and energy,11/14/15,32,"10.1-10.2,10.11",0,10.2,Effusion and the Kinetic Molecular Theory of Gases,10,Properties of Gasses: The Air We Breathe,Properties of Gasses,,
,6_1_6_kelvin,http://chempath.byu.edu/chem105/blackboardmp4videos/6_1_6bbnew.mp4,2465,103.5367,kelvin and gases,11/14/15,32,"10.1-10.2,10.11",0,10.2,Effusion and the Kinetic Molecular Theory of Gases,10,Properties of Gasses: The Air We Breathe,Properties of Gasses,,
,6_1_2_temperature_and_energy,http://chempath.byu.edu/chem105/blackboardmp4videos/6_1_2bb.mp4,2281,114.304,temperature and energy,11/14/15,32,"10.1-10.2,10.11",0,10.2,Effusion and the Kinetic Molecular Theory of Gases,10,Properties of Gasses: The Air We Breathe,Properties of Gasses,,
,6_1_8_diffusion_and_effusion,http://chempath.byu.edu/chem105/blackboardmp4videos/6_1_5bb.mp4,2284,86.275,Effusion and diffusion,11/14/15,32,"10.1-10.2,10.11",0,10.2,Effusion and the Kinetic Molecular Theory of Gases,10,Properties of Gasses: The Air We Breathe,Properties of Gasses,,
,6_1_4_pressure_of_gases,http://chempath.byu.edu/chem105/blackboardmp4videos/6_1_4bb.mp4,2283,117.94,Pressure of Gasses,11/17/15,33,10.3-10.5,0,10.3,Atmospheric Pressure,10,Properties of Gasses: The Air We Breathe,Properties of Gasses,,
,6_2_1_measuring_pressure,http://chempath.byu.edu/chem105/blackboardmp4videos/6_2_1bb.mp4,2285,110.967,measuring pressure,11/17/15,33,10.3-10.5,0,10.3,Atmospheric Pressure,10,Properties of Gasses: The Air We Breathe,Properties of Gasses,,
,6_2_3_simple_gas_laws,http://chempath.byu.edu/chem105/blackboardmp4videos/6_2_3bb.mp4,2287,127.117,simple gas laws,11/17/15,33,10.3-10.5,0,10.4,"Relating P, T, and V: The Gas Laws",10,Properties of Gasses: The Air We Breathe,Properties of Gasses,,
,6_2_2_atomic_weight_and_gas_density,http://chempath.byu.edu/chem105/blackboardmp4videos/6_2_2bb.mp4,2286,73.697,atomic weight and gas density,11/19/15,34,10.6-10.8,0,10.7,Densities of Gasses,10,Properties of Gasses: The Air We Breathe,Properties of Gasses,,
,6_2_4_the_ideal_gas_law,http://chempath.byu.edu/chem105/blackboardmp4videos/6_2_4bb.mp4,2288,67.724,ideal gas law,11/19/15,34,10.6-10.8,0,10.6,Ideal Gasses and the Ideal Gas Law,10,Properties of Gasses: The Air We Breathe,Properties of Gasses,,
,6_2_5_ideal_gas_law_calculations_i,http://chempath.byu.edu/chem105/blackboardmp4videos/6_2_5bb.mp4,2289,118.509,ideal gas law calculations i,11/19/15,34,10.6-10.8,0,10.6,Ideal Gasses and the Ideal Gas Law,10,Properties of Gasses: The Air We Breathe,Properties of Gasses,,
,6_2_6_ideal_gas_law_calculations_ii,http://chempath.byu.edu/chem105/blackboardmp4videos/6_2_6bb.mp4,2290,149.039,ideal gas law calculations ii,11/19/15,34,10.6-10.8,0,10.6,Ideal Gasses and the Ideal Gas Law,10,Properties of Gasses: The Air We Breathe,Properties of Gasses,,
,6_2_7_partial_pressure,http://chempath.byu.edu/chem105/blackboardmp4videos/6_2_7bb.mp4,2291,124.98,partial pressure,11/21/15,35,"10.9-10.10,10.12",0,10.9,Mixtures of Gasses,10,Properties of Gasses: The Air We Breathe,Properties of Gasses,,
,10_2_3_solutions_of_gases_in_liquids,http://chempath.byu.edu/chem105/blackboardmp4videos/10_2_3bb.mp4,2352,142.932,Solutions of Gasses in Liquids and Henry's Law,11/21/15,35,"10.9-10.10,10.12",0,10.1,Solubility of Gasses and Henryês law,10,Properties of Gasses: The Air We Breathe,Properties of Gasses,,
,10_3_1_introduction,http://chempath.byu.edu/chem105/blackboardmp4videos/10_3_1bb.mp4,2353,213.904,introduction to solutions,11/24/15,36,"8.1,8.3",0,8.1,Solutions and Their Concentrations,8,Aqueous Solutions: Chemistry of the Hydrosphere,Aqueous Solutions,,
,10_3_2_moles_of_solute_per_liter_of_solution_or_molarity,http://chempath.byu.edu/chem105/blackboardmp4videos/10_3_2bb.mp4,2354,161.05,Moles/Liter or Molarity,11/24/15,36,"8.1,8.3",0,8.1,Solutions and Their Concentrations,8,Aqueous Solutions: Chemistry of the Hydrosphere,Aqueous Solutions,,
,10_1_1_the_solution_process,http://chempath.byu.edu/chem105/blackboardmp4videos/10_1_1bb.mp4,2346,253.542,the solution process,11/25/15,37,"8.2,8.5",0,8.5,Precipitation Reactions ,8,Aqueous Solutions: Chemistry of the Hydrosphere,Aqueous Solutions,,
,10_1_2_general_solubility_rules,http://chempath.byu.edu/chem105/blackboardmp4videos/10_1_2bb.mp4,2347,217.24,general solubility rules,11/25/15,37,"8.2,8.5",0,8.5,Precipitation Reactions ,8,Aqueous Solutions: Chemistry of the Hydrosphere,Aqueous Solutions,,
,10_1_3_applying_the_solubility_rules_net_ionic_equations,http://chempath.byu.edu/chem105/blackboardmp4videos/10_1_3bb.mp4,2348,320.71,Applying the Solubility Rules,11/25/15,37,"8.2,8.5",0,8.5,Precipitation Reactions ,8,Aqueous Solutions: Chemistry of the Hydrosphere,Aqueous Solutions,,
,10_3_6_dilutions,http://chempath.byu.edu/chem105/blackboardmp4videos/10_3_6bb.mp4,2358,345.769,dilutions,11/25/15,37,"8.2,8.5",0,8.2,Dilutions,8,Aqueous Solutions: Chemistry of the Hydrosphere,Aqueous Solutions,,
,9_1_1_introduction,http://chempath.byu.edu/chem105/blackboardmp4videos/9_1_1bb.mp4,2332,119.675,introduction to acids,12/1/15,38,"8.4,15.1",0,15.1,Acids and Bases: Bronsted-Lowery Model ,15,Aqueous Equilibria: Chemistry of the Water World,Aqueous Equilibria,,
,9_1_2_arrhenius_acids,http://chempath.byu.edu/chem105/blackboardmp4videos/9_1_2bb.mp4,2333,142.665,arrhenius acids,12/1/15,38,"8.4,15.1",0,15.1,Acids and Bases: Bronsted-Lowery Model ,15,Aqueous Equilibria: Chemistry of the Water World,Aqueous Equilibria,,
,9_1_3_bronsted_lowry_acids,http://chempath.byu.edu/chem105/blackboardmp4videos/9_1_3bb.mp4,2334,115.172,Bronstead-Lowery Acids,12/1/15,38,"8.4,15.1",0,8.4,"Acids, Bases, and Neutralization Reactions (Net ionic reactions)",8,Aqueous Solutions: Chemistry of the Hydrosphere,Aqueous Solutions,,
,9_1_4_acid_equilibria,http://chempath.byu.edu/chem105/blackboardmp4videos/9_1_4bb.mp4,2335,102.759,acid equilibria,12/1/15,38,"8.4,15.1",0,15.1,Acids and Bases: Bronsted-Lowery Model ,15,Aqueous Equilibria: Chemistry of the Water World,Aqueous Equilibria,,
,9_1_5_conjugate_acid_base_pairs,http://chempath.byu.edu/chem105/blackboardmp4videos/9_1_5bb.mp4,2336,67.99,conjugate acid/base pairs,12/1/15,38,"8.4,15.1",0,15.1,Acids and Bases: Bronsted-Lowery Model ,15,Aqueous Equilibria: Chemistry of the Water World,Aqueous Equilibria,,
,9_1_6_generalized_equation,http://chempath.byu.edu/chem105/blackboardmp4videos/9_1_6bb.mp4,2337,72.929,Generalized Acid Equation,12/1/15,38,"8.4,15.1",0,15.1,Acids and Bases: Bronsted-Lowery Model ,15,Aqueous Equilibria: Chemistry of the Water World,Aqueous Equilibria,,
,9_1_8_strong_vs._weak,http://chempath.byu.edu/chem105/blackboardmp4videos/9_1_8bb.mp4,2339,98.689,Strong vs. Weak Acids,12/1/15,38,"8.4,15.1",0,15.1,Acids and Bases: Bronsted-Lowery Model ,15,Aqueous Equilibria: Chemistry of the Water World,Aqueous Equilibria,,
,9_1_9_determining_acid_strength,http://chempath.byu.edu/chem105/blackboardmp4videos/9_1_9bb.mp4,2340,60.35,determining acid strength,12/3/15,39,"15.2,15.3",0,15.2,Acid strength and Molecular Structure ,15,Aqueous Equilibria: Chemistry of the Water World,Aqueous Equilibria,,
,9_1_10_comparing_acids_i,http://chempath.byu.edu/chem105/blackboardmp4videos/9_1_10bb.mp4,2341,111.067,comparing acids i,12/3/15,39,"15.2,15.3",0,15.2,Acid strength and Molecular Structure ,15,Aqueous Equilibria: Chemistry of the Water World,Aqueous Equilibria,,
,9_1_11_comparing_acids_ii,http://chempath.byu.edu/chem105/blackboardmp4videos/9_1_11bb.mp4,2342,131.054,comparing acids ii,12/3/15,39,"15.2,15.3",0,15.2,Acid strength and Molecular Structure ,15,Aqueous Equilibria: Chemistry of the Water World,Aqueous Equilibria,,
,9_2_3_self_ionization_of_water,http://chempath.byu.edu/chem105/blackboardmp4videos/9_2_3bb.mp4,2345,129.652,Autoionization of Water,12/3/15,39,"15.2,15.3",0,15.3,pH and the Autoionization of Water,15,Aqueous Equilibria: Chemistry of the Water World,Aqueous Equilibria,,
,9_2_4_acidic_and_basic_solutions,http://chempath.byu.edu/chem105/blackboardmp4videos/9_2_4bbnew.mp4,2404,151.2844,acidic and basic solutions,12/3/15,39,"15.2,15.3",0,15.3,pH and the Autoionization of Water,15,Aqueous Equilibria: Chemistry of the Water World,Aqueous Equilibria,,
,9_2_5_ph,http://chempath.byu.edu/chem105/blackboardmp4videos/9_2_5bbnew.mp4,2405,207.7742,ph,12/3/15,39,"15.2,15.3",0,15.3,pH and the Autoionization of Water,15,Aqueous Equilibria: Chemistry of the Water World,Aqueous Equilibria,,
,11_1_1_electron_transfer_reactions,http://chempath.byu.edu/chem105/blackboardmp4videos/11_1_1bb.mp4,2364,352.442,electron transfer reactions,12/8/15,41,8.6,0,8.6,Oxidation Reduction Reactions,8,Aqueous Solutions: Chemistry of the Hydrosphere,Aqueous Solutions,,
,11_1_2_oxidation_numbers,http://chempath.byu.edu/chem105/blackboardmp4videos/11_1_2bb.mp4,2365,473.162,oxidation numbers,12/8/15,41,8.6,0,8.6,Oxidation Reduction Reactions,8,Aqueous Solutions: Chemistry of the Hydrosphere,Aqueous Solutions,,
,11_1_3_using_oxidation_numbers,http://chempath.byu.edu/chem105/blackboardmp4videos/11_1_3bb.mp4,2366,454.11,using oxidation numbers,12/8/15,41,8.6,0,8.6,Oxidation Reduction Reactions,8,Aqueous Solutions: Chemistry of the Hydrosphere,Aqueous Solutions,,
,11_1_4_the_reduction_of_silver_i_by_copper_metal,http://chempath.byu.edu/chem105/blackboardmp4videos/11_1_4bb.mp4,2367,235.459,the reduction of silver i by copper metal,12/8/15,41,8.6,0,8.6,Oxidation Reduction Reactions,8,Aqueous Solutions: Chemistry of the Hydrosphere,Aqueous Solutions,,
,11_1_5_additional_examples_of_redox_reactions,http://chempath.byu.edu/chem105/blackboardmp4videos/11_1_5bb.mp4,2368,373.495,additional examples of redox reactions,12/8/15,41,8.6,0,8.6,Oxidation Reduction Reactions,8,Aqueous Solutions: Chemistry of the Hydrosphere,Aqueous Solutions,,
